pro,257245,7599036,tDQLGdIJC1,N,3625142,W,                       2797682,S,-7602001,E,1276010
par,257246,537700,YHnseEwAE5,S,6346226,W,                       3015441,N,3625142,W,-2797682
pro,257247,4902813,iVoQ2SZGSj,S,3148096,E,                       5335082,S,-4482692,E,1390534
par,257248,9236437,CmuTsr4hsF,S,6400682,E,                       1257907,S,-3148096,E,5335082
pro,257249,295369,tNfhcm1g5O,S,4742247,E,                       643303,S,-8886979,W,-111442
par,257250,9337528,2CZl1Lu78f,S,3670164,E,                       3387602,S,-4742247,E,643303
pro,257251,8689403,KEs1tNe4gh,S,3047466,E,                       3497841,S,-7765630,W,-4199952
par,257252,6831072,X3l7YQa0MI,N,2203647,W,                       8855533,S,-3047466,E,3497841
pro,257253,5995310,UdIPGAABTp,S,2122554,E,                       425600,N,9235699,E,6516092
par,257254,6251309,GfsKqH7yVO,N,9625103,E,                       4124377,S,-2122554,E,425600
pro,257255,7736545,pHiwfX70P0,S,6469874,W,                       1681874,N,4079223,W,-5321981
par,257256,8077623,Elnsx8qIPx,N,7982583,W,                       2616930,S,-6469874,W,-1681874
pro,257257,2602486,XiiBIzCtA6,N,9325552,E,                       3056924,S,-7845180,W,-5900550
par,257258,1476013,jY5ExKLv8X,N,6925717,W,                       5084683,N,9325552,E,3056924
pro,257259,47434,5BCDXgnHWS,N,1700794,W,                       6082906,S,-5626343,E,1507185
par,257260,8647022,sbbD72AQ8J,N,7531110,W,                       7381632,N,1700794,W,-6082906
pro,257261,7889208,SGu2ij6Yki,N,4699985,E,                       4720376,N,8973955,E,8468522
par,257262,8912891,q8GgNHsPQk,S,8164150,E,                       9097296,N,4699985,E,4720376
pro,257263,7258798,nJH4EckI8U,N,6167023,E,                       2985917,N,2955931,W,-3620331
par,257264,4294658,bvOWOBLkNg,N,4660617,W,                       2973643,N,6167023,E,2985917
pro,257265,9267704,dnGMFdLrzI,N,9979783,E,                       6401683,N,3104297,E,8607662
par,257266,9498446,vydtRvOb99,N,8148237,W,                       3960863,N,9979783,E,6401683
pro,257267,8742835,x6camrPA9p,S,2724932,W,                       9231372,S,-3035005,E,8587987
par,257268,3445720,5X88gBZ95i,S,360287,W,                       4105040,S,-2724932,W,-9231372
pro,257269,7508963,EyjIT8QmBH,N,5824791,E,                       614731,S,-7680800,W,-6569987
par,257270,4885899,zGfX44EOTp,S,9952977,W,                       8275702,N,5824791,E,614731
pro,257271,9810598,OX4aAyJ8iJ,N,4594943,E,                       6857594,S,-1249674,E,9026622
par,257272,2568768,ThB5IiGzkt,N,5244397,E,                       8722191,N,4594943,E,6857594
pro,257273,9262665,y3XixrPzjE,S,6065984,W,                       9649182,S,-2947097,E,742627
par,257274,6486797,6lRWn70quI,S,2534561,E,                       6549277,S,-6065984,W,-9649182
pro,257275,3637683,im8OisnJ7p,S,6866477,W,                       4834724,N,7761343,E,5473025
par,257276,534268,TaXRW0eiyX,N,6483405,W,                       8447588,S,-6866477,W,-4834724
pro,257277,4617091,Dk55y3EaX3,S,2452672,E,                       7153740,N,3435695,W,-247575
par,257278,2011207,7gSdwHvEsD,S,6045885,W,                       150044,S,-2452672,E,7153740
pro,257279,2354670,V7IGL5Z0h7,S,6178627,E,                       5609370,N,7494832,E,5803929
par,257280,6251877,ObAIn1tEBN,N,8823241,E,                       4223450,S,-6178627,E,5609370
pro,257281,4161493,thokw2tJsw,S,624482,E,                       3378349,S,-262898,E,1753721
par,257282,9615333,D6FRPZcSoH,N,6249266,E,                       6339238,S,-624482,E,3378349
pro,257283,4738689,MItalWPRFz,S,3677296,W,                       6567290,N,957327,E,5266086
par,257284,361907,ZYqziWO1ci,N,6454147,E,                       2701179,S,-3677296,W,-6567290
pro,257285,1255405,eGjrde5hYF,N,1321062,W,                       2163174,S,-314823,W,-1413601
par,257286,2019416,aX7QFk9STt,N,2431118,E,                       6675345,N,1321062,W,-2163174
pro,257287,947869,uVAXh7Sfdu,N,7126687,W,                       5536448,N,475862,E,740347
par,257288,3922221,7wlFr4IV9a,N,1566225,W,                       8507500,N,7126687,W,-5536448
pro,257289,9804129,23Pk2FjGkx,N,6998192,W,                       3461945,S,-5988372,W,-5483410
par,257290,554681,ROzp0n0NgL,N,383729,E,                       2109628,N,6998192,W,-3461945
pro,257291,80232,lhXYptaPlB,N,6680082,E,                       7821410,S,-6795515,W,-2890670
par,257292,8422488,PNfZLNAH68,N,1997816,E,                       6216215,N,6680082,E,7821410
pro,257293,8961510,3Yr51BehrA,S,5049026,W,                       9416415,S,-6409405,W,-756099
par,257294,3255892,IqmI1yXG6P,N,293771,E,                       3179160,S,-5049026,W,-9416415
pro,257295,2831266,YQLjesMeI6,N,9840598,E,                       4952929,S,-8680600,E,3820495
par,257296,3435445,pMmEYA4I5m,N,8265051,E,                       6322406,N,9840598,E,4952929
pro,257297,1575853,sPzKezeEKa,N,1022467,E,                       3478684,S,-3853817,W,-2987241
par,257298,5540610,vxYrRQqtTj,S,5173582,W,                       3910322,N,1022467,E,3478684
pro,257299,4641174,i5rZWWbQRO,N,1116803,W,                       1088798,S,-303530,E,3162669
par,257300,9894196,Sk0H9F92Oq,N,1517258,E,                       6392162,N,1116803,W,-1088798
pro,257301,7644453,W5SRL2JuYe,S,3896529,E,                       2991467,N,1886441,W,-131710
par,257302,7561474,Muiq02TQar,S,8437939,E,                       3438443,S,-3896529,E,2991467
pro,257303,9924516,xeMj5BA2IX,N,1119290,E,                       8015943,S,-6231620,W,-8575035
par,257304,1711682,MXV9m5tq4C,S,8807419,W,                       8033657,N,1119290,E,8015943
pro,257305,689930,LdnfYrlr6E,S,2769684,E,                       1328527,N,4876527,E,3342191
par,257306,3037794,l48rt88Ypc,S,1954135,W,                       6971583,S,-2769684,E,1328527
pro,257307,2750030,CcYQd7ODQo,S,3989745,E,                       2246796,N,1450394,E,6652175
par,257308,3979491,t9h4rsQHFH,N,9982524,E,                       9087723,S,-3989745,E,2246796
pro,257309,6693383,Ge2MZMXuSd,N,8906865,E,                       1242165,N,3968424,W,-1144250
par,257310,9136679,Ogvixdwce1,N,2034083,W,                       1030935,N,8906865,E,1242165
pro,257311,4665009,kkX2CijfuO,N,3344833,E,                       9033120,S,-781203,E,4562306
par,257312,1390055,0eKOZHUyXf,N,5072537,E,                       3824905,N,3344833,E,9033120
pro,257313,6237773,rC7sPlUeyG,S,665781,E,                       5488442,N,6755753,W,-7420611
par,257314,1285676,Vl1GlRbV7M,N,4267798,E,                       8755375,S,-665781,E,5488442
pro,257315,287107,YTvblIUjha,N,4514182,W,                       4927170,S,-5966325,W,-2743151
par,257316,974106,hxijgQUoYM,S,6974745,E,                       8694028,N,4514182,W,-4927170
pro,257317,2438843,X3eooAcUq9,S,2573420,W,                       4004208,S,-6522416,W,-7513362
par,257318,8053626,v5V1eoQaN4,S,3383263,W,                       1685016,S,-2573420,W,-4004208
pro,257319,3848738,7tZ2bKCrrW,N,8414977,E,                       604721,N,8192692,E,5262829
par,257320,7529108,gkFwm7Zj3Y,S,4068483,E,                       9674251,N,8414977,E,604721
pro,257321,7089543,iPXZUYZObN,S,1911256,W,                       6796981,S,-4877646,E,7342616
par,257322,5513616,O47rtPKJrj,N,6073060,E,                       5682112,S,-1911256,W,-6796981
pro,257323,4482258,iUt3NZ0Fdy,S,8533708,E,                       8921155,S,-7857785,W,-1648575
par,257324,1159934,Ttoz4n3f4s,N,4991811,W,                       5406606,S,-8533708,E,8921155
pro,257325,8072277,ZplIf6w6PA,N,7026143,W,                       3698848,S,-4530732,E,3135207
par,257326,3304654,9308mNOvjx,N,6441554,W,                       8955707,N,7026143,W,-3698848
pro,257327,5311845,1Fz53isAOx,S,1833956,W,                       4887238,S,-5756498,E,89921
par,257328,8837151,jUPFHP8iDy,N,2004100,E,                       1886271,S,-1833956,W,-4887238
pro,257329,4705718,XA2deHFpNf,N,5360808,E,                       782661,S,-8091291,E,528940
par,257330,8684932,vH0vYgydUQ,N,8134050,W,                       8238078,N,5360808,E,782661
pro,257331,9686240,bUz9Rbxgux,S,2351072,W,                       3399400,N,3622013,E,1874240
par,257332,1358199,Gbq8327aMT,N,6075638,W,                       7945356,S,-2351072,W,-3399400
pro,257333,4459174,w0KMJokVr5,N,2052478,W,                       9199838,N,6507355,E,1462883
par,257334,8588424,88v7me0CuF,S,5544149,E,                       1971880,N,2052478,W,-9199838
pro,257335,9035056,IDA6nm1juR,N,996412,W,                       268048,N,2740096,E,5266729
par,257336,7510468,0ON9DbwrML,S,305293,E,                       7766678,N,996412,W,-268048
pro,257337,7959282,Dqp6FhEd8G,N,409017,E,                       6051852,S,-2928694,E,3752477
par,257338,8915723,XlmrDykJje,N,7679883,E,                       5286457,N,409017,E,6051852
pro,257339,4012171,wd4oxWuAQp,N,8545594,E,                       62102,S,-7715389,E,8833141
par,257340,9348504,2kYrwFtlD5,S,148859,E,                       7055499,N,8545594,E,62102
pro,257341,919829,yfdAeXX2HB,S,8974492,W,                       4313329,N,9768337,W,-8981583
par,257342,6212399,WlZ9iupuqI,S,7200279,E,                       1305975,S,-8974492,W,-4313329
pro,257343,3408492,Y2A4JlXZ1j,S,7288242,E,                       1148190,N,6527953,E,1024614
par,257344,1489112,boRRAJpVVG,N,6708182,W,                       6384164,S,-7288242,E,1148190
pro,257345,5567118,FMWA8ssGlV,N,8025336,E,                       399532,S,-3443943,W,-5109251
par,257346,9088831,LOUUFFzL17,S,2430019,E,                       7791631,N,8025336,E,399532
pro,257347,6412260,k9gYrKVnOB,S,3395652,W,                       7062675,S,-3502727,W,-418783
par,257348,7857826,1cCWWVOWbR,S,2571792,E,                       8610416,S,-3395652,W,-7062675
pro,257349,3904192,0hb5gxU2hl,S,7394675,W,                       1912619,N,1775452,E,7184085
par,257350,6083983,vDjvSaqYQf,S,9709150,E,                       8891288,S,-7394675,W,-1912619
pro,257351,4646976,xJe8MJqFbh,N,4961611,E,                       8037868,S,-9776071,E,6644790
par,257352,395164,7Nfm6T6Wiq,N,8173976,W,                       3700250,N,4961611,E,8037868
pro,257353,6409814,RE0OvXEtq8,N,1106144,W,                       5454540,S,-308150,E,916849
par,257354,5663915,ajSebf87YC,S,5019251,W,                       915417,N,1106144,W,-5454540
pro,257355,3422600,aYkxV4iQOb,S,995573,W,                       6984589,S,-6426113,E,3157594
par,257356,3888181,kXeFYTKbF5,S,5983878,E,                       8428087,S,-995573,W,-6984589
pro,257357,3098214,lihfh5Szu6,S,6500353,E,                       8944631,S,-9906030,W,-4855148
par,257358,6423072,SrEe3Q7Jep,N,9430771,E,                       6716258,S,-6500353,E,8944631
pro,257359,664622,j5N4XkXepa,N,7015893,E,                       7934020,N,7397439,W,-6524278
par,257360,5521697,cZU7X7SBnY,N,5679275,E,                       4781450,N,7015893,E,7934020
pro,257361,5173288,My4TGDJ3Hd,N,8810231,E,                       6841811,N,5017364,E,5613045
par,257362,4398039,gaL3OZyxoX,N,4181624,W,                       2983698,N,8810231,E,6841811
pro,257363,7948835,Csg8nw7fHA,S,5910209,W,                       5409121,S,-9805873,W,-855857
par,257364,9963128,gA2FX1rBmz,N,9894100,W,                       6196018,S,-5910209,W,-5409121
pro,257365,459233,gVhMy2A6Od,S,533142,W,                       5849311,N,4498432,E,1332325
par,257366,9610064,RpwU43Eatd,N,5241252,W,                       1014953,S,-533142,W,-5849311
pro,257367,1503927,4LUqfAFcAg,S,1809887,W,                       4954971,S,-7474066,W,-5602163
par,257368,8914550,X9MEfP1wb0,S,1855238,W,                       5073713,S,-1809887,W,-4954971
pro,257369,8587774,8KDhGxKMD6,S,6168476,E,                       9220629,N,2715118,E,5386637
par,257370,1686580,CNq3u0oMeA,N,6560982,W,                       9777440,S,-6168476,E,9220629
pro,257371,6449881,zaPeAtIPUb,S,2320792,E,                       5269879,N,2493614,W,-6409223
par,257372,757285,lG2ByNkLe7,N,5506065,W,                       9321210,S,-2320792,E,5269879
pro,257373,7177371,PV4lVyldY4,N,6418414,W,                       6329838,N,9751091,E,1523464
par,257374,8406737,miOvLBcEll,N,389175,E,                       7726266,N,6418414,W,-6329838
pro,257375,4756934,K20Q6aFdUQ,N,4037714,W,                       5404425,S,-9963464,E,850805
par,257376,3777517,bQ8MCjZeQD,S,770985,W,                       8644255,N,4037714,W,-5404425
pro,257377,2361079,ibOBYpr9WY,N,8671190,W,                       4186890,S,-4170915,E,5159879
par,257378,3477650,XUAwmHk2IO,N,2364616,W,                       3347376,N,8671190,W,-4186890
pro,257379,2665350,w0ARWptfXL,N,2604635,E,                       6068881,N,4298662,E,1303132
par,257380,3263626,DyMO9tjC1Y,S,9599435,E,                       6744105,N,2604635,E,6068881
pro,257381,2545113,aABSrbcv7O,S,8042636,W,                       5900737,N,4325697,W,-4432659
par,257382,6422778,xKWpPSHZc5,N,3854439,W,                       3216908,S,-8042636,W,-5900737
pro,257383,5639956,xBjQZig09w,S,5580625,W,                       3651768,S,-1805949,W,-2097205
par,257384,5446704,uOP2bi35FA,N,4024965,E,                       7562646,S,-5580625,W,-3651768
pro,257385,3354251,YTH3dmD8xe,N,3030518,W,                       5856050,S,-5167850,E,5106087
par,257386,3351036,prVFQKHcar,N,2478687,W,                       6097780,N,3030518,W,-5856050
pro,257387,6162979,Qm829PmC4p,S,9785556,W,                       4466870,N,5903222,W,-8420995
par,257388,8786699,Kf7NrOG7BJ,N,5695665,W,                       1647751,S,-9785556,W,-4466870
pro,257389,7573878,ix5qzDn3ru,S,1710113,W,                       9305073,S,-2686343,E,1583803
par,257390,6890055,BFQotpDStQ,N,7778010,E,                       1239436,S,-1710113,W,-9305073
pro,257391,8150958,qGwpMptmhW,N,1846605,W,                       7949010,N,7168252,W,-3322684
par,257392,2227083,INBJQCKOOQ,S,7639531,E,                       3613002,N,1846605,W,-7949010
pro,257393,3121224,JTJ95OuSgm,N,7695632,E,                       6472834,N,1631325,E,4405918
par,257394,6327582,gc1TIdhRpz,S,3107190,W,                       1153177,N,7695632,E,6472834
pro,257395,3357538,860uTiEwtd,S,3855622,E,                       1163788,S,-5807329,E,190919
par,257396,5668716,sx95zGxS8s,S,8884662,E,                       838539,S,-3855622,E,1163788
pro,257397,8669611,RAowFQ38tj,S,6915564,E,                       2769964,S,-7613152,E,3692881
par,257398,3561635,uFKYLTjApm,S,5726416,W,                       9155564,S,-6915564,E,2769964
pro,257399,335076,TKgFATiLus,N,4928285,E,                       2666300,N,6884595,W,-606344
par,257400,4846308,DF8SjhUVbm,N,1628138,E,                       5331511,N,4928285,E,2666300
pro,257401,7702465,djQuiaFvyj,N,8095887,W,                       7897042,N,9335109,E,3885755
par,257402,8792035,ROZc8MU0ON,S,9203799,W,                       7781431,N,8095887,W,-7897042
pro,257403,5988531,UGkNfg3Z3W,S,2953951,E,                       1843988,S,-8397171,E,4103789
par,257404,6569195,01IrVFch3z,N,1544014,E,                       741310,S,-2953951,E,1843988
pro,257405,7886472,nYiidhssqF,N,3893830,W,                       6801928,N,1331623,W,-5298854
par,257406,6386485,AlSGsBBsAO,S,1511271,W,                       5786173,N,3893830,W,-6801928
pro,257407,6506542,KMvi1l05Ns,S,4724430,E,                       785977,N,3765581,W,-2403134
par,257408,3231760,zq68BHmafR,S,5989384,E,                       4169513,S,-4724430,E,785977
pro,257409,6114960,AbMVMWwZM6,N,119843,W,                       1727867,N,7876803,W,-1522146
par,257410,9773924,ZY1aAraIn1,S,8956054,E,                       5985083,N,119843,W,-1727867
pro,257411,9530152,KebCrKRPiD,S,3148826,E,                       4025595,N,7980577,E,2133056
par,257412,5434479,b82KJXfMrQ,N,6844598,E,                       6609544,S,-3148826,E,4025595
pro,257413,8456775,7vZNvT2Unt,N,2902407,E,                       1584189,N,1748780,W,-4066386
par,257414,2734419,LNdUGCLwMl,N,9768690,E,                       8526005,N,2902407,E,1584189
pro,257415,1349439,7rt2l8HKX8,N,5731699,W,                       4383612,N,1687985,E,7914710
par,257416,868948,QsuzPcwe9a,S,4734318,E,                       7418571,N,5731699,W,-4383612
pro,257417,9247583,0dNoWzky9C,S,7048586,W,                       1393113,N,4455093,E,6931130
par,257418,2515309,kgLnbXYyFH,N,497746,E,                       1383454,S,-7048586,W,-1393113
pro,257419,1068001,yMcjEs3b6L,N,616350,W,                       8190087,N,9617791,E,2510359
par,257420,9862482,idP8mthroW,N,5510412,W,                       1187776,N,616350,W,-8190087
pro,257421,5845946,NsevQnCSEr,N,4357133,E,                       1753814,S,-5769803,E,4543029
par,257422,3887436,oEDl4AJJIf,S,293019,W,                       4756207,N,4357133,E,1753814
pro,257423,2145429,2PdOulFBau,S,405220,W,                       8678953,S,-9636116,E,2693218
par,257424,2062640,ma17AY73xM,N,4419849,E,                       6049388,S,-405220,W,-8678953
pro,257425,7533841,ApjklbRn4v,N,7324573,E,                       637246,S,-7342326,E,4552383
par,257426,5363036,8zOVMafO71,S,6983654,W,                       8483959,N,7324573,E,637246
pro,257427,438636,1tR735wmbm,N,2737243,W,                       9424526,S,-6833926,W,-7506061
par,257428,8241557,ecqaaR6rgJ,N,429830,W,                       3744083,N,2737243,W,-9424526
pro,257429,1753679,BOGixegrIA,N,1391166,E,                       5658984,S,-3430855,W,-6734094
par,257430,5368565,QQ6ube2vmb,N,6343329,W,                       2351300,N,1391166,E,5658984
pro,257431,8687908,mxGjDFjGdF,S,2490195,E,                       184691,S,-3265027,W,-8573877
par,257432,37910,Uukm3Ukbzm,N,4750511,W,                       9566810,S,-2490195,E,184691
pro,257433,2482493,fGlYgmKyA7,N,2507433,W,                       909454,N,2821428,W,-7725177
par,257434,3777045,Bw835EgTVf,N,5916259,W,                       2229819,N,2507433,W,-909454
pro,257435,6849960,N0xamokten,N,3001919,E,                       7468202,N,1919644,W,-3672798
par,257436,1297973,QjdqK7FQLV,N,9977461,W,                       6656132,N,3001919,E,7468202
pro,257437,2466385,jEnjWJiS6X,S,9263736,W,                       919197,N,5032873,W,-2536375
par,257438,6238560,w1T7ATFt0t,S,3182659,E,                       5706624,S,-9263736,W,-919197
pro,257439,6915573,9QFNi5sPM1,N,3196992,W,                       3525734,N,6924285,E,4631374
par,257440,2847622,V8T3Pwhek4,S,4840162,E,                       9575161,N,3196992,W,-3525734
pro,257441,4557221,2pDxWP6jll,N,1952917,E,                       3123456,N,9314528,E,2600623
par,257442,8237737,AVJTzUlzeI,N,8910936,W,                       8251254,N,1952917,E,3123456
pro,257443,2605695,pUoxWtXHUX,N,5396807,E,                       7451690,S,-9226435,E,5334863
par,257444,5713529,0NXkVQ7GXD,N,7190140,E,                       8457828,N,5396807,E,7451690
pro,257445,3015049,em6nkbUfPz,N,9604930,W,                       7834609,S,-9789025,E,3476446
par,257446,2377374,HA94ZsbSeo,N,6461060,E,                       2508446,N,9604930,W,-7834609
pro,257447,5604511,lrjABy7GCV,N,9229412,W,                       8744372,N,3269507,E,4354036
par,257448,7350242,K4LupipdOr,N,39386,E,                       4045618,N,9229412,W,-8744372
pro,257449,8424939,U3z0KLWrqk,N,7744822,W,                       3081377,S,-8966162,W,-335311
par,257450,2192033,bgx6Bc57nL,N,2145711,E,                       8873786,N,7744822,W,-3081377
pro,257451,6522107,sqOpKXFbRR,N,2739702,E,                       9359088,S,-5200451,E,1765341
par,257452,5360863,Z1pGPmOLU7,S,5434049,E,                       7902310,N,2739702,E,9359088
pro,257453,9077186,8kvTTiWJSE,S,6337271,W,                       7178763,N,6781260,E,9590168
par,257454,7531512,C2v6Tl3UN3,S,8126635,W,                       7161886,S,-6337271,W,-7178763
pro,257455,1807685,uS9SQUU8bJ,N,8783667,W,                       9325130,S,-606903,E,4923404
par,257456,9740502,b4NCQIMMCp,S,1990119,E,                       8291292,N,8783667,W,-9325130
pro,257457,9191227,27NGpOv3cu,S,7304983,W,                       373108,S,-3813313,E,2422597
par,257458,1537338,dUHwGhmROS,S,8597723,E,                       9878906,S,-7304983,W,-373108
pro,257459,432739,xd09aV1oSN,N,9942734,E,                       5252733,N,9882582,E,9811637
par,257460,5845455,5vZeAFQaTc,N,5366819,W,                       6076120,N,9942734,E,5252733
pro,257461,1775466,2RqFLcaHHT,S,8490768,E,                       6565680,N,6550049,W,-3364250
par,257462,7237307,4aAQP09kvX,N,8926158,W,                       6703233,S,-8490768,E,6565680
pro,257463,594415,zOhUjfRvZL,N,2777586,W,                       6669168,S,-6355216,E,1566148
par,257464,7579412,R57dkWK2kM,N,5417054,W,                       6759612,N,2777586,W,-6669168
pro,257465,2662030,G8T7t2YEEq,N,3751957,E,                       8662578,S,-8795285,W,-7317606
par,257466,6924604,JjyGCLV19D,N,4178196,W,                       5791976,N,3751957,E,8662578
pro,257467,2216158,GaJYacWyPY,N,9562338,E,                       3042352,N,9832139,W,-1778818
par,257468,4869248,p1cgC1mHs5,S,7278502,W,                       2737396,N,9562338,E,3042352
pro,257469,1700356,ZmY2EF1R4U,N,1075898,E,                       612561,N,9392847,W,-5972724
par,257470,2163711,CIFtcAsRRc,N,4933530,E,                       2767532,N,1075898,E,612561
pro,257471,5076559,uvQStTP7n9,S,5992281,W,                       1665080,S,-7101138,E,2209174
par,257472,5369702,VCiWud5Uyr,N,3382618,W,                       5638409,S,-5992281,W,-1665080
pro,257473,7234305,ZCgvzqjzyS,N,9651807,E,                       1773925,S,-8490812,W,-907897
par,257474,1939514,qZpCutLnLJ,S,1931134,E,                       5692374,N,9651807,E,1773925
pro,257475,5847992,cMsdMBvoaT,S,3902573,W,                       9177201,N,9812201,E,1034589
par,257476,2637423,P6eHOdYr6z,N,692479,W,                       7972741,S,-3902573,W,-9177201
pro,257477,112277,9yg6jcqEdJ,N,9039936,E,                       1614158,N,2990513,E,5297055
par,257478,3483041,lO2Gq8UcXC,S,5286577,E,                       2595246,N,9039936,E,1614158
pro,257479,1620995,UiI0k27WlR,S,1407515,E,                       3201305,N,5266462,W,-1606197
par,257480,6385088,FFfTrtg7Sk,N,3217728,E,                       3467294,S,-1407515,E,3201305
pro,257481,8946538,01EogBidAv,S,5776334,W,                       2490486,N,9538833,E,1184982
par,257482,7626644,alZhUkGGRe,S,8284614,W,                       4737150,S,-5776334,W,-2490486
pro,257483,3120702,Eav42AXAh5,S,6199210,W,                       576221,S,-8611809,E,5234861
par,257484,2152211,VYhVQxelbS,S,5805373,W,                       538166,S,-6199210,W,-576221
pro,257485,8015855,MydndOmyDG,S,6041958,W,                       438069,S,-6870983,W,-456372
par,257486,2039710,REuNxbojzs,N,4187482,E,                       5476966,S,-6041958,W,-438069
pro,257487,4987690,uucEL3kXEf,S,6724021,E,                       7533723,N,7493290,E,5276832
par,257488,4883134,uiw0xLDH8t,S,2801582,E,                       4473424,S,-6724021,E,7533723
pro,257489,8444768,4OkCtZu0wx,S,9482816,W,                       951238,N,1296687,E,2242286
par,257490,8036122,cm9m2k2fyL,S,3924548,W,                       9023781,S,-9482816,W,-951238
pro,257491,8468871,aQfKeEF2f5,N,2381498,E,                       8880179,N,2742169,W,-1713193
par,257492,2559008,P3jQB0Yuts,N,3540380,E,                       8733228,N,2381498,E,8880179
pro,257493,1763733,L634gyexCB,N,6963854,W,                       8188506,N,7850208,W,-842500
par,257494,2384377,owE84RGB0k,N,580576,E,                       79936,N,6963854,W,-8188506
pro,257495,5751064,HVzg4jAduU,N,9355469,W,                       1174846,N,944996,E,585618
par,257496,9747076,NHELWf7f04,S,2273089,W,                       8547505,N,9355469,W,-1174846
pro,257497,2837818,MPLmEMLvnc,N,9291052,W,                       1832285,N,146051,E,3403396
par,257498,3704652,RizaNyAiW7,N,6344739,W,                       8235269,N,9291052,W,-1832285
pro,257499,4886153,ThkbRlPwwh,N,1155121,W,                       4296032,N,1210938,E,7461992
par,257500,6743747,fZXy5VNJe4,S,3198124,E,                       2403980,N,1155121,W,-4296032
pro,257501,888723,PmZwE3Is03,S,5453358,W,                       7240099,S,-6073184,W,-7534252
par,257502,2174361,a9KK1sox0p,N,9262376,W,                       8751417,S,-5453358,W,-7240099
pro,257503,5780525,cHZggKTd7X,N,8214763,E,                       8095082,S,-1978240,W,-7442510
par,257504,8814774,f47XncqcuA,N,4839291,E,                       8859407,N,8214763,E,8095082
pro,257505,5317663,8mxMqVoX68,S,503637,E,                       4179726,N,3487119,W,-1124180
par,257506,6073348,kFspJYKiVm,S,7861819,E,                       5814270,S,-503637,E,4179726
pro,257507,7865960,pZxCxVMtXR,N,196431,W,                       5158782,S,-1942653,E,1418845
par,257508,6899760,3RoSBBpcDF,N,8974184,W,                       12718,N,196431,W,-5158782
pro,257509,182682,yapXORgNV3,S,436260,W,                       5527432,N,3041986,W,-7491193
par,257510,3376180,aTDQbzJQzq,N,1935029,W,                       7028925,S,-436260,W,-5527432
pro,257511,8124446,1Hbpas7cvP,S,390354,E,                       1851038,S,-3822928,E,9559542
par,257512,6931951,Zc0Bh0Fvxh,N,1185936,W,                       70984,S,-390354,E,1851038
pro,257513,4082842,QSDeDL3rf3,N,2688841,W,                       8336987,S,-7117530,E,9031835
par,257514,179786,1GTw6yxxoi,N,3790461,W,                       9339538,N,2688841,W,-8336987
pro,257515,2202022,3cDF2x791F,S,1642309,W,                       1847164,S,-7182516,W,-9937929
par,257516,9889752,DwLE7v6ex1,S,6317192,W,                       7891247,S,-1642309,W,-1847164
pro,257517,588052,qGciwkhXOF,S,3004714,E,                       1762816,S,-1233534,E,8701153
par,257518,9554645,TMxrGO1Rrc,S,1477469,W,                       2979602,S,-3004714,E,1762816
pro,257519,2120331,RtaJNkLEuc,N,2774551,W,                       6576356,N,857646,E,4943453
par,257520,2342072,Tajr9Ox5W2,S,457218,E,                       3299962,N,2774551,W,-6576356
pro,257521,1271487,L8mmCj4N66,N,3633531,W,                       3259814,S,-1697917,E,3728116
par,257522,7223810,MEX7rCBq9O,N,7565185,W,                       8750986,N,3633531,W,-3259814
pro,257523,4408031,ZkdGMDvK1n,N,1083308,W,                       3161545,S,-2486168,E,8297966
par,257524,6032003,3K6Gt59eh8,N,2192648,E,                       4485947,N,1083308,W,-3161545
pro,257525,2127441,qhyxOrTrA0,S,2358050,E,                       6930091,N,1023744,E,2037947
par,257526,3766425,wmToM9jvpM,N,3387144,W,                       3202420,S,-2358050,E,6930091
pro,257527,6138279,y9brbtl9PN,S,1943636,E,                       9623179,N,4597343,W,-5024072
par,257528,2619132,ldB4UonZw6,N,848885,W,                       9473924,S,-1943636,E,9623179
pro,257529,7783191,NJAX0ulD8H,S,2219239,E,                       6533613,N,8608814,E,1979769
par,257530,8147637,ANwDr1Ef8y,S,9134752,W,                       9253471,S,-2219239,E,6533613
pro,257531,4172144,cwALWhoqiL,S,7658177,E,                       9535166,S,-738432,E,7805184
par,257532,7215930,6XixxeUWJs,N,1942090,W,                       456329,S,-7658177,E,9535166
pro,257533,2730726,YiYFlVJ8XM,S,6056361,W,                       4223785,S,-1416645,E,6188487
par,257534,4237633,neHCQxWFKO,S,4318144,W,                       3138376,S,-6056361,W,-4223785
pro,257535,1067552,utMv4yn9dj,S,4714082,E,                       1599070,S,-3165527,W,-4535888
par,257536,9571601,h4859fai4p,N,7058532,E,                       3747754,S,-4714082,E,1599070
pro,257537,9018300,cr2JJeSo26,N,5709664,E,                       8135070,N,8998222,W,-8093224
par,257538,1767539,YaQQjhAI4z,S,7465355,W,                       984387,N,5709664,E,8135070
pro,257539,3354033,ZGbvkNRUfz,N,6903183,W,                       375060,S,-6785217,E,7270652
par,257540,9425695,H7iAjcBXfK,N,9165781,E,                       627721,N,6903183,W,-375060
pro,257541,6042221,ypD2NsqaJH,S,9415895,E,                       5217296,N,1984143,W,-1034697
par,257542,1460777,HC97MuBBVJ,S,7460810,E,                       950065,S,-9415895,E,5217296
pro,257543,3951542,j8DvPnkR7g,S,5883390,E,                       8018591,N,6277447,E,743817
par,257544,7243828,0K4PlgncP8,N,7412776,W,                       9655540,S,-5883390,E,8018591
pro,257545,9633031,hGExmQdvuD,N,161434,E,                       6034508,S,-6988217,E,3322262
par,257546,8118777,I3rhTmAykl,N,4872788,W,                       1195118,N,161434,E,6034508
pro,257547,8943507,nFDm8QN0DI,N,4962349,W,                       2215131,S,-5562623,E,5761049
par,257548,3370275,E5UZzHqngP,N,9183977,W,                       7654412,N,4962349,W,-2215131
pro,257549,8118365,dtOQxEJFc0,N,1791175,E,                       6986148,S,-6145672,E,488167
par,257550,6076890,95KCK9yqnb,S,9963915,W,                       1647029,N,1791175,E,6986148
pro,257551,4795344,FY9W7tgwVi,S,6499801,E,                       9771158,N,5380005,E,8225726
par,257552,9900608,GUirC53YQT,S,4579206,W,                       2388690,S,-6499801,E,9771158
pro,257553,8321696,0Djd9ItqRS,S,5908470,E,                       2918212,S,-8457867,E,4190773
par,257554,2889628,biS8gOsLXW,N,3344412,E,                       8808189,S,-5908470,E,2918212
pro,257555,7911950,dnRWYUUqlc,S,6387957,W,                       1263503,S,-3523932,W,-5741542
par,257556,2084569,7ui4iMAqXu,N,3085390,W,                       1462247,S,-6387957,W,-1263503
pro,257557,3297871,J2pzEB2k69,N,5082485,E,                       1415550,N,3496064,E,2672674
par,257558,8201412,mKIu1njCz6,S,8194206,E,                       2063806,N,5082485,E,1415550
pro,257559,4270882,nkxG6S6LiL,S,9275819,E,                       7162137,S,-3771758,E,224719
par,257560,994313,wXXuAkA5gI,N,6918128,E,                       8025894,S,-9275819,E,7162137
pro,257561,2969784,Iwql3L1DZn,S,9914135,W,                       5903093,N,1817533,E,9489322
par,257562,3831527,k2scXHPgjy,S,9385385,W,                       5050310,S,-9914135,W,-5903093
pro,257563,5188545,B974Rkj4C7,S,3469687,W,                       4773968,S,-1859067,W,-2312577
par,257564,1667385,3sKCxwQQIX,N,2766892,W,                       1736608,S,-3469687,W,-4773968
pro,257565,1696060,WjSFnhvWCc,S,7686536,W,                       1298823,N,7006439,E,5584570
par,257566,5831867,Mhd6mlG15o,N,3737233,E,                       5621512,S,-7686536,W,-1298823
pro,257567,5949632,kaKOBQ7Mho,S,1683561,E,                       4643833,S,-7263667,E,1399475
par,257568,3516619,yHgEd2txT6,S,9994258,E,                       8700436,S,-1683561,E,4643833
pro,257569,7967422,Ey9vZEFP4e,N,7722632,W,                       9101149,S,-6007221,E,1692769
par,257570,9622993,l368U1UGYW,S,6796080,E,                       8924309,N,7722632,W,-9101149
pro,257571,2919538,qVkXuA7RAu,N,380451,W,                       1008625,N,6559837,W,-5961043
par,257572,8218918,aj6uHvLLAR,N,1744736,W,                       6146909,N,380451,W,-1008625
pro,257573,7314245,Bt12MhznhW,S,3525660,E,                       5016705,S,-3725527,W,-113025
par,257574,9981304,CAjpnLhe8c,N,4583717,E,                       6710723,S,-3525660,E,5016705
pro,257575,1118557,JENuKJk6vS,S,5608378,W,                       9795988,S,-966142,E,8568416
par,257576,9330676,2pvveRPEPU,N,2762458,W,                       6788595,S,-5608378,W,-9795988
pro,257577,1747579,KkmZZbZRF5,N,4242755,W,                       524934,N,2997224,E,419096
par,257578,3629456,VGmcoGEf5q,S,3650096,E,                       8946497,N,4242755,W,-524934
pro,257579,9002461,X1Uh5338By,N,5649412,E,                       2661632,N,9227466,W,-6412470
par,257580,1130481,y0aLEsPQei,S,8848328,E,                       7142984,N,5649412,E,2661632
pro,257581,2933383,iQ19iRK0h1,N,126685,E,                       9854371,N,1874322,W,-1959979
par,257582,6845979,eNAxANy9yk,N,1731039,E,                       1098213,N,126685,E,9854371
pro,257583,6962778,K0fGllfcLC,N,1721585,E,                       2097294,S,-1280466,E,330786
par,257584,806402,0DQNYfNH5C,S,7953869,W,                       9900141,N,1721585,E,2097294
pro,257585,8767993,3QsgPSi3DO,N,1235502,W,                       1257128,N,1278694,E,9364224
par,257586,26835,n42qlZRAmF,S,1592574,W,                       3272147,N,1235502,W,-1257128
pro,257587,4781798,qAzK5n0s9K,S,8040101,E,                       9094100,S,-3980232,E,7562876
par,257588,4720832,sF1WICwieu,S,7122212,W,                       6363225,S,-8040101,E,9094100
pro,257589,6874862,wcEhjoGPCS,N,7474665,E,                       636093,N,2116416,E,4753627
par,257590,7575666,Jt57IAm23s,N,7544312,W,                       366516,N,7474665,E,636093
pro,257591,7344796,w27sMsoLPC,S,3684621,W,                       5754483,N,1167589,E,4987566
par,257592,8515023,rOqCmG8ljF,S,2250877,E,                       3832344,S,-3684621,W,-5754483
pro,257593,333764,KjlEhJPshQ,N,565784,W,                       8964501,N,5704486,W,-1094032
par,257594,7359372,D5bq4PdNpk,N,3287316,E,                       273985,N,565784,W,-8964501
pro,257595,8914799,wbMEmlyJ5H,N,6495351,E,                       8973373,S,-4936928,W,-6751663
par,257596,3895212,OTJP8e4YZ6,N,2200030,E,                       8913646,N,6495351,E,8973373
pro,257597,2939547,3bW7SS6UxE,N,2274677,W,                       4143675,S,-7903397,W,-7355600
par,257598,2178737,gbsWXvQaCk,S,1479788,E,                       9498674,N,2274677,W,-4143675
pro,257599,2468365,YgIN3ErCFS,S,8835621,E,                       3728892,N,7142739,E,215199
par,257600,1652595,FgohZ5HYlf,S,9664797,W,                       4152329,S,-8835621,E,3728892
pro,257601,2925643,xTKlOsj8MG,S,6827011,W,                       5993752,N,8828117,E,9951600
par,257602,5870705,GBp7MfHXzu,N,48401,E,                       9948411,S,-6827011,W,-5993752
pro,257603,1833962,B7uyYSLvBL,N,9041073,E,                       8798305,S,-2958840,W,-5573938
par,257604,7559130,dHZJHESjaA,N,9856324,E,                       3038175,N,9041073,E,8798305
pro,257605,8809298,nsUo8At0HO,S,6882211,W,                       8478234,N,9750427,W,-3548618
par,257606,9882592,2PzCVjXH0G,N,8130009,W,                       5441611,S,-6882211,W,-8478234
pro,257607,5482051,IQeBX0lHTJ,N,9038377,W,                       8182750,N,8916730,E,3464301
par,257608,5313185,OEwZ01ruO4,N,748331,W,                       3195270,N,9038377,W,-8182750
pro,257609,3413387,LZPM4lB5oH,S,8731354,E,                       8909740,S,-4476588,W,-5988850
par,257610,8700234,ldJV5I0shl,N,2966619,E,                       5396319,S,-8731354,E,8909740
pro,257611,637347,voaBs72l1T,S,1131223,W,                       4214691,N,5530053,W,-7899834
par,257612,9402808,wVnFs8QECL,N,5484311,E,                       1295746,S,-1131223,W,-4214691
pro,257613,1718052,gxfTTXF5K9,N,8361507,E,                       813028,N,2586302,W,-5148004
par,257614,9022683,JEHuvANshS,S,8460383,E,                       3368018,N,8361507,E,813028
pro,257615,2611569,KtOifraJ61,S,5438504,E,                       1114004,N,179463,W,-1755204
par,257616,7274772,FyIUrnaNHC,S,2016068,E,                       6287684,S,-5438504,E,1114004
pro,257617,7505395,6RiAcU7q4U,N,3063693,W,                       9012450,S,-2224184,E,8386582
par,257618,6297488,ywgjyqBCVI,S,6530587,E,                       5236217,N,3063693,W,-9012450
pro,257619,7744697,O8klO32M80,N,1060058,E,                       7417927,N,6757193,W,-6533566
par,257620,9566118,AhUazFZJn0,S,7067499,E,                       4084765,N,1060058,E,7417927
pro,257621,4073265,Wwd7NzsFR0,N,6099136,W,                       1093048,S,-9767630,W,-3745196
par,257622,4152150,mDeIVWGOn9,S,4364336,E,                       6708356,N,6099136,W,-1093048
pro,257623,9443279,dWvPbLDQmx,N,290066,E,                       1939543,N,2890333,W,-1209307
par,257624,6677220,3btzXZ0qgR,S,8164681,E,                       2000036,N,290066,E,1939543
pro,257625,8291700,Kjpxm1Xi4p,S,8805606,E,                       4901788,N,4588237,E,2026972
par,257626,9280060,ZuOz8wNeLZ,N,4894877,W,                       1236323,S,-8805606,E,4901788
pro,257627,128456,0uffFVUIZR,S,8861785,E,                       5644598,N,583160,W,-419325
par,257628,3340413,vYjo9CvZHK,S,8990667,E,                       3400832,S,-8861785,E,5644598
pro,257629,847042,GA5sbqWGB9,N,2925250,W,                       8161272,S,-8061065,W,-4026754
par,257630,6212515,p6zZ0xMA8T,N,6265753,W,                       3954658,N,2925250,W,-8161272
pro,257631,5241171,my9KuEaqnx,S,7510346,W,                       461476,N,4882392,W,-2680853
par,257632,5345176,XH6pFPJWnm,S,548215,W,                       4268420,S,-7510346,W,-461476
pro,257633,2586096,ud9TsZJJIt,S,2956542,E,                       2619217,N,8876227,E,9374843
par,257634,1170958,ctOaNUmXZH,N,2338907,W,                       8881552,S,-2956542,E,2619217
pro,257635,1093920,0GbCWN0GFi,S,1290407,W,                       7896527,S,-8067143,W,-2268441
par,257636,3777476,9glA0cVblO,S,5824816,E,                       4324187,S,-1290407,W,-7896527
pro,257637,1898112,uugspLNyC7,N,3572503,E,                       5777658,S,-8237605,E,465303
par,257638,3413382,3yWOgYKThN,N,3696814,W,                       6909697,N,3572503,E,5777658
pro,257639,3957877,5X6up2NQBA,S,1132062,E,                       6906369,S,-4386243,W,-4454162
par,257640,7630778,jmL8ez3l2v,N,822748,E,                       4849149,S,-1132062,E,6906369
pro,257641,2716067,pLFBgXDt05,S,4182597,W,                       8135567,S,-5241788,W,-1208463
par,257642,6818129,NAxywm1XiI,S,1845363,E,                       8006538,S,-4182597,W,-8135567
pro,257643,5727743,Ojc6p9RPBw,N,3063406,W,                       1279606,S,-8257712,E,8953062
par,257644,1937903,O9IVghGclS,N,4112642,E,                       5653755,N,3063406,W,-1279606
pro,257645,3333443,1iDRh6W5HE,N,524319,W,                       7904139,N,676005,W,-806910
par,257646,2801528,yu0L6BkRGS,N,3350406,W,                       3777646,N,524319,W,-7904139
pro,257647,4428321,oYRPP7xOZI,S,6944141,E,                       9609978,S,-7045968,E,6538692
par,257648,3063701,2Fur3OEntb,N,8860404,W,                       2988088,S,-6944141,E,9609978
pro,257649,6105666,rECuA8F6Tz,S,8477110,E,                       3386785,S,-1691828,W,-2302548
par,257650,1557048,EJUH5sL2tR,N,1696562,E,                       5771750,S,-8477110,E,3386785
pro,257651,7262678,Ua6hTVLJgL,S,4136460,W,                       1550539,S,-1826580,W,-9251738
par,257652,5889821,6nZIXHM2HI,S,8845457,E,                       9201583,S,-4136460,W,-1550539
pro,257653,8414232,IROnPBJXFC,S,3458668,E,                       1631438,S,-4151712,W,-3235014
par,257654,7149360,qUUuoC2NCD,S,6582621,W,                       6647262,S,-3458668,E,1631438
pro,257655,9379424,XBJKkh9xZK,S,3900796,W,                       5163733,N,1430532,W,-3497351
par,257656,9780960,qYB5d9KRCx,N,645959,E,                       7253400,S,-3900796,W,-5163733
pro,257657,460297,GXWqMyOqWr,S,1589700,E,                       5413185,N,4451849,E,9952041
par,257658,2029328,V35lnbkmn1,N,3414707,W,                       7251080,S,-1589700,E,5413185
pro,257659,6013040,1eW38HAXOh,S,8372684,W,                       3284507,S,-5689188,W,-4747600
par,257660,4868707,p8IUrmhLkq,N,8336135,E,                       954494,S,-8372684,W,-3284507
pro,257661,1997004,TR6U1hNERZ,N,2991636,W,                       2516727,N,8586186,E,2449552
par,257662,8199153,WctIR2I9we,S,1433060,W,                       391489,N,2991636,W,-2516727
pro,257663,5712901,9kQBKljdUk,S,7450844,E,                       7444448,N,6461028,E,5108945
par,257664,682076,PJbiGhygKg,N,3559622,W,                       2285579,S,-7450844,E,7444448
pro,257665,2364423,OPiAyjhzu1,N,1658531,E,                       4843393,S,-6104794,E,186110
par,257666,5778184,tvQBUrKUAd,S,3939355,E,                       9556243,N,1658531,E,4843393
pro,257667,3433841,eim5hFReX2,N,8974499,E,                       8842797,N,312272,W,-7862301
par,257668,4145127,KoOKXgGn2S,S,2608898,E,                       6658032,N,8974499,E,8842797
pro,257669,8956495,ssYiu7Qhdn,S,4933254,E,                       735347,N,5183355,W,-766290
par,257670,3683903,JfidzcC9be,N,5637179,E,                       1651629,S,-4933254,E,735347
pro,257671,7890269,i9Df9gyyMC,S,9838049,W,                       1776955,N,6430475,E,2245654
par,257672,8717860,i0wyrJv265,S,9656168,E,                       2667773,S,-9838049,W,-1776955
pro,257673,5391771,L0dPbIL1lZ,S,3354787,E,                       4080547,N,4687655,E,956949
par,257674,6798996,GURwZsxd62,N,1839778,E,                       7743103,S,-3354787,E,4080547
pro,257675,8516584,aEa8tos3JO,S,2523428,E,                       3756875,N,8988155,E,3128354
par,257676,2059247,gKzPirZhxA,N,6795659,E,                       8447662,S,-2523428,E,3756875
pro,257677,7758498,kfUoFeShrG,N,7902604,W,                       6378523,S,-5580364,W,-5494247
par,257678,3954839,qFShNdnkHO,N,9490847,E,                       297468,N,7902604,W,-6378523
pro,257679,6890266,aLGytqx38V,N,7351298,E,                       3676077,S,-7913705,W,-6860153
par,257680,480667,5d99rntZ8p,N,5463165,W,                       6916344,N,7351298,E,3676077
pro,257681,5613594,iieJZLLaMK,S,781332,E,                       9296180,S,-9737631,W,-9698613
par,257682,2354158,DXbrYOHrEw,S,582231,E,                       9796755,S,-781332,E,9296180
pro,257683,5975496,2FEYNfq6G4,N,1634875,E,                       8505845,S,-6407192,E,4355661
par,257684,9303391,LNJCrrINPD,N,9239290,E,                       3857526,N,1634875,E,8505845
pro,257685,9540377,kq55nsuRLg,S,5600995,E,                       6250608,S,-9811286,E,1702462
par,257686,589233,6NSuj0LJIU,N,5818220,E,                       8446752,S,-5600995,E,6250608
pro,257687,1410094,uoSCLNr98v,S,2165899,W,                       495258,S,-9829254,W,-1846516
par,257688,8768591,V0ahpU8Fjw,S,568598,W,                       2909371,S,-2165899,W,-495258
pro,257689,7648867,AVfBuXZotn,N,5428525,W,                       6535367,N,9991654,W,-2738885
par,257690,8629295,4WYWsAGTfK,S,4213965,E,                       9653038,N,5428525,W,-6535367
pro,257691,5805444,sqvMd3mvp4,S,131532,W,                       2260986,S,-9537021,E,1940909
par,257692,2261097,qPvumY0hZ5,S,7542736,E,                       2268282,S,-131532,W,-2260986
pro,257693,6449326,9I1vIDgpz4,S,5360389,W,                       9137344,S,-8246415,W,-4617108
par,257694,4150089,6WIUsVTFxt,S,2036647,W,                       3892504,S,-5360389,W,-9137344
pro,257695,7835748,VsTGjb4A2Q,S,2080747,W,                       570113,N,7736245,W,-8001546
par,257696,234182,qpGAuhmVh4,N,2758235,E,                       6898289,S,-2080747,W,-570113
pro,257697,9009441,3yHFdUGzec,S,9153020,W,                       4220334,S,-9291784,E,2648913
par,257698,818991,QJVwdZF8hK,N,6486329,W,                       684974,S,-9153020,W,-4220334
pro,257699,5149504,YHPwU5uRf8,N,7791118,W,                       6523585,N,8276701,W,-7946238
par,257700,9787254,7qtHiFhblf,S,6026214,W,                       5432247,N,7791118,W,-6523585
pro,257701,4761568,xrtVlJTZJY,N,3220022,W,                       9176235,N,407448,E,7865018
par,257702,8780514,4BbflgyalU,S,3356405,W,                       9237651,N,3220022,W,-9176235
pro,257703,552270,1s0MBKpvcH,N,8507424,W,                       8600358,N,1897322,E,7672454
par,257704,1878963,KvkbT1sH5J,N,8217339,W,                       428146,N,8507424,W,-8600358
pro,257705,1508924,zSShTR6xLR,S,294713,W,                       5589641,N,1283170,W,-3399752
par,257706,930219,sexnDpTvlk,N,1561987,W,                       3694935,S,-294713,W,-5589641
pro,257707,1771694,UQqROoIP6F,N,7651377,W,                       9540795,N,7222304,E,827209
par,257708,1974371,JkJwspn0Lo,S,1915329,W,                       380233,N,7651377,W,-9540795
pro,257709,7316820,301X89Naip,S,364193,E,                       8306706,S,-9850118,E,5643220
par,257710,2928830,OnYYGZyt6C,N,3115790,W,                       3411953,S,-364193,E,8306706
pro,257711,7979085,k4vAyioyp3,S,2982197,W,                       8107572,N,3335049,E,2814352
par,257712,2640410,uSgkL7bSdi,N,398163,W,                       9106732,S,-2982197,W,-8107572
pro,257713,6707221,yc1rXx2mht,N,414506,E,                       8598754,N,663511,E,8535933
par,257714,5667741,TiFsK9rMzo,S,1123167,W,                       8808386,N,414506,E,8598754
pro,257715,3651927,WajS02MDZz,N,319839,W,                       5915846,S,-5055996,W,-2923311
par,257716,3854358,xMA7A5OGWg,N,3388588,W,                       169027,N,319839,W,-5915846
pro,257717,7648371,mgsOhWm4F9,N,4378148,E,                       1989348,N,2265150,E,579943
par,257718,8719032,qjtrs7xQfs,N,4233756,E,                       225784,N,4378148,E,1989348
pro,257719,9970174,R9hk6ohOFx,N,2088909,W,                       6923276,S,-6584971,W,-39608
par,257720,2826222,bryzh5LmgS,N,57785,W,                       5777056,N,2088909,W,-6923276
pro,257721,1815129,uIFJmmGFQu,S,163581,E,                       3938963,S,-1379101,E,172497
par,257722,9021311,YGkco3RcSi,S,5406195,W,                       2698466,S,-163581,E,3938963
pro,257723,2487929,CAgao4NJzL,S,3908047,W,                       1239666,N,529916,E,1120789
par,257724,862151,uKLTRvirSl,S,1953060,W,                       6144731,S,-3908047,W,-1239666
pro,257725,606593,Ct3t9nAisB,S,6976265,E,                       2561938,N,2876843,E,7446574
par,257726,6112032,umY11wpHHH,S,5989421,E,                       5473071,S,-6976265,E,2561938
pro,257727,2324441,XS6knfc5rk,S,1057451,E,                       7358463,S,-3059942,E,7508080
par,257728,6013638,rH7c4COQo6,S,6169684,W,                       2111595,S,-1057451,E,7358463
pro,257729,3341792,QN0lB82Sf0,N,2565942,E,                       9888125,S,-2307340,W,-9271109
par,257730,698811,WPlgc3viyr,S,251412,W,                       5856424,N,2565942,E,9888125
pro,257731,9073492,yH58pet2xk,S,2466938,W,                       3567963,N,9121529,E,6457794
par,257732,6996297,1KNHJU2CVf,N,5799127,W,                       2048882,S,-2466938,W,-3567963
pro,257733,6621191,eucrF5OGBO,S,5318802,E,                       679643,N,9191191,W,-4470991
par,257734,8332537,Xm9WyGre7u,N,9593976,E,                       6490458,S,-5318802,E,679643
pro,257735,1840805,VWjbRGqWzx,N,2743670,E,                       2003020,N,9493382,W,-7930467
par,257736,3759277,eq4Whm1LzP,S,6336570,W,                       2880222,N,2743670,E,2003020
pro,257737,5167699,0BgmWIktO6,N,7084916,W,                       4201263,S,-3822907,E,9990377
par,257738,672442,9iM3pUHPaL,S,1118558,W,                       9865567,N,7084916,W,-4201263
pro,257739,5017780,EYRudGESke,N,6568759,W,                       1200238,N,43282,W,-843039
par,257740,8842591,bSBFX0NQUs,N,1857796,W,                       1640541,N,6568759,W,-1200238
pro,257741,3872711,iFWzTtTRla,N,3171271,W,                       7735151,N,5574527,W,-1950371
par,257742,3318812,EnfW2q1H5A,S,4498747,E,                       1735365,N,3171271,W,-7735151
pro,257743,2335970,5uzs1nwYgf,S,6701384,E,                       5613977,S,-7572536,E,9207616
par,257744,9418156,5imGqSyQu6,S,4709804,E,                       9309097,S,-6701384,E,5613977
pro,257745,5404811,FutRmYCTVW,N,5070556,W,                       9390217,S,-2409750,W,-9006601
par,257746,9071077,Vnxg8s2Orv,S,4309773,E,                       8184147,N,5070556,W,-9390217
pro,257747,8928382,NDiROBcBNZ,N,764746,E,                       880263,N,5046816,W,-7739048
par,257748,7571666,U4LYDiKrRn,S,9851844,W,                       5471603,N,764746,E,880263
pro,257749,7114228,roOy0H5TRL,S,105793,E,                       2139066,N,6464593,W,-3599436
par,257750,9509071,RgA3Aohniq,N,5737,E,                       7932712,S,-105793,E,2139066
pro,257751,9453559,HgW3MTmJgc,S,863914,E,                       9391149,S,-3899355,E,591403
par,257752,2575482,l5mEVQYUIS,N,1518658,W,                       7241232,S,-863914,E,9391149
pro,257753,6585073,z22zsmw1Nk,S,6516723,W,                       923269,N,8694342,W,-9673004
par,257754,9678439,2xDIJwobN8,N,3546805,E,                       8717093,S,-6516723,W,-923269
pro,257755,2562247,GhDCckXJhm,N,3669107,W,                       8627598,S,-5715895,E,8960961
par,257756,6120096,lPsMyi8a9O,N,9689839,E,                       9079296,N,3669107,W,-8627598
pro,257757,8616442,cdJeKNY1aP,N,6732347,E,                       558321,N,7735426,W,-197661
par,257758,843219,Qe2egCXLWl,N,7877114,W,                       2575871,N,6732347,E,558321
pro,257759,1958321,AG9SiXEouK,N,2576551,W,                       43128,N,6584214,E,1122038
par,257760,6609179,ukVbOv9uVT,S,1895242,W,                       5145778,N,2576551,W,-43128
pro,257761,9184122,w4vo5IZ0J4,S,2741747,W,                       787060,S,-2840971,W,-8322577
par,257762,7956482,wzGhoXRv6f,N,9320010,E,                       7759093,S,-2741747,W,-787060
pro,257763,7100678,FKH9kGk1d2,S,3602292,E,                       4397719,S,-6777426,W,-8261139
par,257764,3373575,tBDTSu4OTI,N,1475877,W,                       4084651,S,-3602292,E,4397719
pro,257765,9714376,psQFGPYVmb,N,8437047,E,                       5529553,S,-9745930,W,-5951476
par,257766,9284580,9qYgcP8lv9,N,2622369,E,                       2931309,N,8437047,E,5529553
pro,257767,2255333,dCiESmtQQS,N,8751539,W,                       5652094,S,-4902189,E,5081667
par,257768,6365533,2eRxLvHkDH,S,3754042,E,                       8152558,N,8751539,W,-5652094
pro,257769,275892,cHCrfKgXGe,S,4543603,E,                       9913492,S,-9815436,W,-6960893
par,257770,8018896,4JBBxuhnyG,N,1295631,E,                       5070993,S,-4543603,E,9913492
pro,257771,9724631,WStEdkLoUd,N,4520950,E,                       5971470,N,3607814,E,5003382
par,257772,9365778,hidRagvdfH,N,1302858,W,                       5603207,N,4520950,E,5971470
pro,257773,4795354,w7M4YMxOxw,N,8056446,W,                       5345343,N,4296664,W,-7591957
par,257774,7303718,zmG4tHzOeV,N,6731894,W,                       4140532,N,8056446,W,-5345343
pro,257775,6842666,OZBGVIzT3a,N,4485765,E,                       1930692,S,-8946682,E,9209548
par,257776,602360,JxwVl2iwXT,N,6250977,E,                       5162,N,4485765,E,1930692
pro,257777,9254931,zu4eiCx4KH,S,2893224,W,                       6756586,S,-5305820,E,276754
par,257778,5686875,2EjUQZDo7s,N,9505594,E,                       4120672,S,-2893224,W,-6756586
pro,257779,1410274,C34n5GI11E,S,9196562,W,                       7560802,N,1518719,E,760266
par,257780,5138239,CL7Y9ZAXY7,N,1364305,E,                       8273125,S,-9196562,W,-7560802
pro,257781,3242753,Nc95WDCdGW,N,1393212,E,                       6404231,N,6736231,W,-5830689
par,257782,278936,ptLbrDxFSL,S,3155766,E,                       7899997,N,1393212,E,6404231
pro,257783,9511268,wQM0bZu3h5,S,9193372,W,                       1518845,S,-8313659,W,-5245965
par,257784,9022014,8OzhpHe5WZ,N,4915435,E,                       1672449,S,-9193372,W,-1518845
pro,257785,6719051,deoh08cBNr,S,9674202,E,                       7961932,S,-434085,E,9504790
par,257786,7053653,MX4cXYhZyG,S,9738760,E,                       1938375,S,-9674202,E,7961932
pro,257787,680707,zosAHzibiP,S,9405948,E,                       6786841,N,2770675,E,8893161
par,257788,6231150,mXLCDRT1dl,N,9017207,W,                       3027116,S,-9405948,E,6786841
pro,257789,1576210,zcx4gPPNge,N,6456363,W,                       43007,S,-6790481,E,5499791
par,257790,4832377,bxTHiyOU2b,S,6477551,E,                       9538074,N,6456363,W,-43007
pro,257791,3978829,ldh0OqZ93v,S,2899907,W,                       6813535,N,3917415,E,3592182
par,257792,5124164,fvPh4fJ0Br,S,2252988,W,                       4460869,S,-2899907,W,-6813535
pro,257793,2264484,g0ACzzuwTw,N,3994023,W,                       5858089,N,2761359,W,-7025861
par,257794,2148644,wA5I14gC7y,N,5414392,W,                       250073,N,3994023,W,-5858089
pro,257795,3847586,JjlhMlexsR,N,2665793,E,                       4241151,S,-4789538,E,5765134
par,257796,4450512,PkZSym8l9r,S,1341171,E,                       4237098,N,2665793,E,4241151
pro,257797,7450112,Xe0tzAH3VP,N,6725984,E,                       5310102,N,6403114,W,-2684023
par,257798,3687356,D6AGgmblBm,S,4306566,W,                       2210468,N,6725984,E,5310102
pro,257799,5830205,kUKZqaOMs0,S,8760700,E,                       610126,N,2443017,E,811608
par,257800,1305009,WGXfz7jjpw,S,2332441,W,                       354160,S,-8760700,E,610126
pro,257801,4745597,BP5wT3rEz6,N,2513152,E,                       4293748,N,1621831,W,-2081868
par,257802,813194,b0rr7t3Fde,S,7152263,E,                       318554,N,2513152,E,4293748
pro,257803,4364383,fcxNR7iwJU,S,3316981,W,                       8222945,N,1119931,E,6973452
par,257804,1219674,1ULERB9DeR,S,1702057,W,                       7155863,S,-3316981,W,-8222945
pro,257805,9599568,av2KNFSM02,N,9362827,E,                       8325041,S,-3080900,W,-3996636
par,257806,4182890,qeIxaiZuOt,S,234308,E,                       9859988,N,9278326,E,4428526
pro,257807,7021928,lrkC0MIAix,S,5458210,W,                       3189628,S,-3434968,E,8296352
par,257808,7496539,WYtXFY3FMa,N,9525856,E,                       6695775,N,2299570,W,-4381492
pro,257809,9882487,XY8rXsgO5X,N,4941994,E,                       2451761,S,-7504054,E,5764500
par,257810,4125280,5LidGlz9E8,S,4473326,W,                       1872264,S,-8293253,E,926553
pro,257811,1301016,8VMcxel5xt,S,124484,W,                       3528914,N,1703987,E,6862550
par,257812,6705312,m3boqKDBln,S,1421874,E,                       7134868,N,4319211,W,-9303551
pro,257813,516579,wKCnNzFlAi,N,6858040,E,                       9250637,N,2678529,W,-7315549
par,257814,8343533,vwoDu9WlSk,N,3316914,E,                       7749941,S,-6205088,E,1974439
pro,257815,7770274,iPyAJTFfnB,N,4723298,E,                       8914034,S,-5520254,W,-1731230
par,257816,2009198,qEmZ1jCjiO,N,1269495,E,                       7864607,N,6265756,E,7567175
pro,257817,6766103,pM7FITATb9,S,3288810,W,                       9724705,S,-3780689,W,-9838873
par,257818,157156,fvqoTF75LR,N,5215903,W,                       7008597,S,-6570197,E,7102804
pro,257819,4660493,ytmVdisP5S,N,4760371,E,                       3419341,S,-8258144,W,-3166282
par,257820,6307539,Tur5wU3G0F,N,1145844,E,                       2601148,S,-3854889,W,-9025311
pro,257821,1064973,oaLgfGjlyA,N,3790325,W,                       5405010,S,-1425116,W,-8520683
par,257822,2797569,gLqtL6VBXk,S,9289320,W,                       595907,S,-2945756,E,7389630
pro,257823,7775035,47brBQhJ6z,S,1375577,E,                       71121,S,-4204115,W,-8681913
par,257824,1421980,c2VYFSZOX7,S,9970766,W,                       5951994,N,2796208,E,265233
pro,257825,7308758,5YZ0wXNysz,S,7922587,E,                       3697845,N,8785250,W,-2110228
par,257826,3565968,KoBYa5Q2Hz,S,2256878,E,                       8750529,N,4967445,W,-9034635
pro,257827,3666824,TxQb2Qx3sb,N,5211566,E,                       8918025,N,1757875,W,-5385897
par,257828,4021876,FLW5HEBFnj,S,5480341,E,                       1902863,N,4516553,E,520921
pro,257829,8348984,ptMefmOKiC,N,9905440,W,                       767145,S,-6404476,W,-6582811
par,257830,3971349,EkM8msIww1,N,9613304,E,                       6243779,N,5048978,W,-5815082
pro,257831,2660392,EoPtPqnLzv,S,5005625,W,                       530463,S,-1324157,E,7981353
par,257832,79950,DtdKyAGy80,S,6492269,E,                       5149790,N,8765923,E,259359
pro,257833,9239527,yfukRaKckd,N,6564431,E,                       6593886,S,-7660444,W,-4345346
par,257834,2953301,fqYfSOPMlt,S,4779747,E,                       2635290,S,-9221185,W,-5195810
pro,257835,2405651,d87ZlNssfN,S,4361363,E,                       6132130,N,302151,W,-4578200
par,257836,3844297,XTn84ygmgc,N,1015881,E,                       6191779,N,536033,W,-3849027
pro,257837,221404,3FeNNOGt9r,N,7680447,E,                       8530796,N,7519499,E,5260407
par,257838,35794,sSRUztxViv,S,3472407,E,                       881668,N,6268884,W,-4042877
pro,257839,3050615,808O4JCyfN,N,4144281,W,                       2563443,S,-9372086,E,9381746
par,257840,8109381,9mfO6AYYFK,S,4739688,W,                       9803826,S,-2657284,E,1285860
pro,257841,6669592,m9m5GKGWJj,S,8261109,W,                       4143073,S,-1651381,W,-5868750
par,257842,2468797,hH8evMnVjl,N,8601514,E,                       8073669,N,5919918,E,2960864
pro,257843,3494207,gbZ01IFvKn,N,9900504,E,                       4388424,S,-287628,W,-3827907
par,257844,5223108,2ke4DlrUdv,S,4585540,W,                       4840926,N,1885484,W,-4141238
pro,257845,7542508,LXETK5TEdx,S,9389757,E,                       3706063,N,273827,W,-300406
par,257846,9326355,cdJPWmvZP6,S,791891,W,                       8249577,S,-7176547,E,7029890
pro,257847,185138,LLTW3rbbiU,N,1536163,W,                       2454357,S,-3201726,W,-2714788
par,257848,7205709,fHrT3FChcB,N,3927070,W,                       8929294,S,-359699,W,-9686827
pro,257849,4835265,7AVgZHL7Bq,S,8008612,E,                       9244680,N,6625940,W,-2451191
par,257850,8377943,2GiKI0oFol,N,1278983,W,                       6234692,N,8818306,W,-2537280
pro,257851,9725246,WLFJ3r9UVE,N,2757177,W,                       8730991,N,9580716,E,9489079
par,257852,6717824,3GxZvQKB86,S,6939083,E,                       9983596,N,6372118,W,-1182585
pro,257853,4058178,HyetkKiKsL,N,9229744,E,                       3821453,N,5691699,E,7644144
par,257854,8795279,OvrSdtj1jt,S,191718,W,                       8063480,N,7018615,W,-7163031
pro,257855,6328673,AAfkS0ByeX,N,8377452,W,                       7843629,S,-8754917,W,-7374425
par,257856,9583519,2AGA4txYMh,N,2601414,W,                       4936720,S,-9517264,W,-4799279
pro,257857,4547213,gx2QgjYWCa,S,2310309,E,                       7979063,N,2731698,E,8527555
par,257858,7587413,ubH5ETusts,S,4320845,E,                       1804130,N,1646613,E,4220745
pro,257859,6672407,IKgplI2inX,S,5686309,W,                       5458229,N,8708886,W,-9682057
par,257860,4680048,M38Heyd9nw,N,9706472,W,                       3484837,S,-8342801,E,1860411
pro,257861,7901749,9wwtGmNzQ3,S,1749634,E,                       1242942,N,7243744,E,5453652
par,257862,2706439,8zkGUxAzGD,S,4789506,W,                       771063,S,-1444356,W,-7085640
pro,257863,3257266,Ns6dZFOPoA,N,520815,E,                       4883653,S,-1472095,W,-7610959
par,257864,4535488,nxcBee0XnA,S,7581788,W,                       9909830,N,9109901,W,-6260943
pro,257865,7723177,JyzBQDcuFV,N,5825375,E,                       2828406,S,-6994831,W,-1677742
par,257866,8628726,dKE35m3wO5,S,5978091,E,                       3477165,S,-632186,W,-456681
pro,257867,8432765,NXdUWGzkv0,N,32768,W,                       3073096,S,-3975083,W,-5415207
par,257868,6093438,b5UwwitSdt,N,8361974,E,                       561690,S,-3539354,W,-6208396
pro,257869,939245,H8RkhqZkwX,S,5022750,E,                       4807134,N,2446755,W,-3605860
par,257870,6289,hjESh0ukjN,N,3846139,E,                       598870,S,-1495752,W,-8316204
pro,257871,6737465,C0RnS9VT4Q,S,5026603,E,                       3682076,N,2253208,E,6435667
par,257872,3701741,kuH8hdoBzy,S,375707,E,                       706278,S,-4999727,W,-8323978
pro,257873,8560914,NcH4dtSIrs,S,2554397,E,                       8518655,S,-4586338,E,2494984
par,257874,5364040,m8tx41qA24,N,2693825,E,                       8059002,N,9085054,W,-7299122
pro,257875,9653602,bmyyHHEDB1,N,3433925,W,                       2906163,N,6304824,E,9149465
par,257876,3571201,33AXbvNoPO,N,1748864,E,                       8709771,N,1085789,W,-3889540
pro,257877,4576840,KZAyrqdX1d,N,2837787,E,                       7499100,N,2555836,E,6351938
par,257878,1037861,DpfokM6rfV,N,4083849,W,                       2429806,N,45891,W,-1400258
pro,257879,7448870,puFrC8161t,S,1863418,E,                       1877714,S,-5889407,E,4667102
par,257880,7127441,dlGVUhM5LN,N,1232745,W,                       5528375,N,9188005,E,5008198
pro,257881,6745732,ipYrc3Mmgn,N,2930291,W,                       7116523,S,-6896872,E,6573344
par,257882,1485191,3YH6BrO7rw,N,1097517,W,                       9620025,S,-618528,E,2024343
pro,257883,2099074,MU304Ca0i2,S,9623851,W,                       5815694,N,2543924,W,-7425134
par,257884,1333343,HVTWR3PT0v,S,5706022,E,                       9701585,N,8089564,W,-7178673
pro,257885,8876468,nwOctdLMuJ,S,3503113,W,                       5617315,S,-6764579,E,5915000
par,257886,6263562,kcgyxZogGO,S,1245858,E,                       4465434,N,5981577,W,-8690872
pro,257887,9667418,iJEZzZj3tR,S,6516306,E,                       2405877,S,-830353,W,-8487231
par,257888,245740,aw6dJsgpF4,N,9999670,W,                       907534,N,1094877,E,7523968
pro,257889,6343716,tmhFmfVWqs,N,9554935,E,                       9449302,N,399266,W,-279099
par,257890,8358375,xotARwUWzd,S,730864,E,                       6752503,N,5207094,W,-8403789
pro,257891,9402340,3T6zqfxczY,S,3624841,E,                       8036705,N,7317677,E,7885209
par,257892,278529,Bi8VjMTrcf,S,5939422,W,                       5150966,S,-5858888,W,-5958943
pro,257893,9437240,jDCwcuDNhH,S,8476563,E,                       1949166,N,6946242,W,-7057739
par,257894,5181748,FHqKGObk8X,S,8843366,E,                       1134519,S,-6954626,E,2882962
pro,257895,9220118,4NkMaRgyh5,S,2668668,W,                       1047312,S,-9567606,E,3684779
par,257896,7623623,Ad4J4230rr,S,7421357,W,                       1638423,S,-5110174,E,3515016
pro,257897,5550085,I5evsrC0cV,N,3514617,W,                       7162279,N,6600869,E,5064895
par,257898,305054,gEGLy1yF8Y,S,2146509,W,                       7289894,S,-4009145,W,-4656355
pro,257899,2391528,hzmS5wuwFx,S,9359851,W,                       5899354,S,-3296397,E,1285788
par,257900,1281530,kTZEE0l4zZ,S,8370628,E,                       4645910,N,7721659,W,-677952
pro,257901,4027981,dIUwWrJeKa,N,5250281,W,                       3406793,N,962659,W,-1676556
par,257902,874570,OSfgAQMEBj,S,3915572,W,                       3094287,N,1633772,E,5381420
pro,257903,8730617,zvKZNHSLV4,S,505345,W,                       5308099,S,-451491,W,-1900668
par,257904,7172523,Ac9pjJq2nS,S,5443424,W,                       6426548,N,9988526,W,-5601699
pro,257905,4346098,wxk8nDaT1B,S,9789296,E,                       5950633,N,5394620,E,5713354
par,257906,487475,7EUYR2mXGM,N,9420591,W,                       7333827,S,-3949442,W,-5277759
pro,257907,9686958,wUcVEIkYQy,N,2364676,W,                       4978511,S,-3633876,W,-7256012
par,257908,7347051,3nd6Lt7ujT,N,594646,E,                       2969793,N,2354466,W,-3057847
pro,257909,387907,WXcydaIBHX,S,7072400,W,                       7772844,S,-9743931,W,-9624141
par,257910,5093652,pXCuV4aBeJ,N,2423336,W,                       4663898,N,6056374,E,1549209
pro,257911,769517,URX99Pt60k,S,2382880,E,                       2355240,S,-687387,E,8320004
par,257912,2692044,jhfCWeJ4nF,S,1830028,E,                       2954341,N,1171818,W,-1679793
pro,257913,1320917,d4gG1DkUEd,S,6539644,E,                       4977541,S,-9765363,E,3929911
par,257914,4073658,amXDSToEJs,N,1288106,E,                       3537541,N,4557042,W,-3057984
pro,257915,5781290,Uw0PYMXS0d,N,8017774,E,                       3885989,S,-7007593,W,-3181741
par,257916,3211699,MtfKYF6dj3,S,7144589,E,                       8362985,N,7656452,E,517432
pro,257917,8800431,5rHCzOu1ID,S,3707480,W,                       96175,S,-7549858,E,7733650
par,257918,5211857,RaMfbuB9iy,N,2607258,E,                       6188518,S,-2906636,E,111862
pro,257919,7364203,PH7CTitS08,S,172670,W,                       3890472,N,7100438,E,1346683
par,257920,7628167,VP8up6ZGUg,S,4250154,E,                       6555564,N,4180684,E,6757249
pro,257921,298827,PNNJWRL2ox,S,3524873,E,                       685073,N,1847084,W,-4243731
par,257922,1774626,3lBQZOjeJT,S,1991063,E,                       7589039,S,-5379754,W,-7029388
pro,257923,3727489,qefte5JHBv,S,5870579,W,                       6772547,S,-3800539,E,5594888
par,257924,5044116,jsL3jbAC2z,S,9762157,W,                       2258937,S,-7270445,E,6333743
pro,257925,1549134,rTfxsTSRlY,S,8745930,W,                       247965,S,-7449112,E,2979837
par,257926,593295,5Dbvhb1l4z,N,4663033,W,                       5042021,N,1701301,E,5944664
pro,257927,5641383,xJDJacFdKJ,N,3730559,W,                       6560903,S,-356813,W,-1371150
par,257928,8742171,rj4Odv1vPs,S,8497582,W,                       8697826,S,-4557215,W,-1929280
pro,257929,9308783,xQY5vjzzVM,S,1330293,W,                       8377216,S,-5993389,E,1450332
par,257930,1325029,uvVCtIcvn9,S,1390697,W,                       9843984,N,5920067,W,-8917646
pro,257931,1558758,Kje3y8f6m9,N,6605037,W,                       7700359,S,-427473,W,-3342884
par,257932,4004077,oc3nEw5lNN,N,3137069,W,                       1824788,S,-9030906,W,-2759687
pro,257933,4467385,3jEtHnaa9P,N,9031808,E,                       7715175,S,-6963118,E,1107664
par,257934,3243598,VrR3VOV8aK,S,40434,E,                       7738825,S,-6475933,W,-3940505
pro,257935,2809684,ktPHqPTs1K,S,8054603,W,                       2466936,S,-6213169,E,5858957
par,257936,1065409,OeZgmIwe85,N,8025287,E,                       1349762,S,-1843984,W,-145101
pro,257937,4514794,ydvsPHRzeF,S,1539315,W,                       2425719,S,-5185639,E,958141
par,257938,429344,SqRa4a2Q8k,N,9514857,E,                       3278890,S,-3989772,W,-3754994
pro,257939,9569167,EcoYiWk5qZ,N,6005826,E,                       721479,S,-5312571,W,-8737850
par,257940,4918429,meaD0sR8fi,S,2509648,W,                       7560291,N,705441,W,-8110413
pro,257941,6856179,0sfg8pgG9C,N,1764200,E,                       8327333,N,7591748,E,2986003
par,257942,2216329,XxqAiNmZpq,N,1862579,W,                       6562338,N,8194278,E,2576942
pro,257943,7415863,Od7FdNnUmx,S,8915496,E,                       2873353,N,8643908,W,-435120
par,257944,7504956,FFrAsWJwGs,S,9039836,E,                       4188812,N,3140911,E,2410330
pro,257945,2656681,jUW0cBkb0i,N,8597535,E,                       8800908,N,8141241,W,-6757688
par,257946,412631,NRvJ2zjzOh,S,3346797,W,                       849246,N,87715,W,-6150657
pro,257947,867632,dMvj6u8htm,S,2572557,E,                       6303734,S,-4475438,W,-2723038
par,257948,3724114,DAnV89XHXx,N,1020053,W,                       8320327,S,-5163149,W,-7490301
pro,257949,3337608,iXDTh3vbV1,S,6565531,E,                       7569724,S,-768078,E,1065540
par,257950,9434261,COkI5atqOc,N,6857424,E,                       3324852,N,6045070,W,-6603658
pro,257951,9237446,N3mKxgmOCD,N,948849,E,                       5414442,N,5823072,E,7840008
par,257952,9637888,KktapxzUYk,S,9338941,E,                       9931400,N,2124423,E,6151508
pro,257953,8819874,nntQTssOzT,N,4437576,E,                       3119917,S,-1099518,E,3784270
par,257954,7115132,PR95FlfF3W,N,1372474,W,                       6963785,N,1383890,W,-1434029
pro,257955,2952345,ZlbkTGZoMV,N,5973773,E,                       620524,N,2750134,W,-3926874
par,257956,6597823,t4H6JEWpcs,N,8091250,W,                       4375772,S,-4764854,W,-1491915
pro,257957,5771591,dZxWfQDgfa,N,8631357,E,                       2002156,S,-3164821,E,2809759
par,257958,9526700,PtBusJlkSC,N,2065428,E,                       6965406,N,8815779,E,8244331
pro,257959,6101479,MosadoP4n9,N,734400,E,                       4221353,S,-6584404,W,-6858100
par,257960,7105235,rpXM4qcl7Z,S,1196222,W,                       5860387,S,-3342062,E,5203328
pro,257961,4149957,yksjBNYUUs,S,8133322,E,                       4908483,N,7941749,E,8733638
par,257962,5383534,sON6LR0TTi,S,355696,E,                       893619,N,840547,W,-8931934
pro,257963,5701445,mXWO0jffw0,N,9856839,E,                       1170697,N,1740488,W,-143256
par,257964,709745,Ud5k6cm9sB,N,2995906,E,                       9618334,S,-4375196,E,422221
pro,257965,8925505,5WLNLlLmlG,S,6887508,E,                       5523365,S,-6780004,E,3771034
par,257966,4249085,CrV4jmwQPJ,S,8543625,W,                       4913385,N,9980492,W,-6701599
pro,257967,6852927,It747RmQAY,N,6751111,W,                       2112427,S,-4682583,E,3528710
par,257968,8632248,seqvO2l4to,N,6191686,W,                       1031060,N,8901706,E,4030543
pro,257969,5361145,Q2YtQEQhnv,S,2524201,E,                       1990185,S,-5939699,W,-9080638
par,257970,2778759,PZXplj1gZI,N,4991183,W,                       9159930,S,-6824110,W,-8703379
pro,257971,6586631,YbaTjFvKB0,S,4514408,W,                       8599797,S,-7606161,E,8454995
par,257972,369405,Pd6nTjdMui,S,200902,W,                       1220391,S,-6145153,W,-9111796
pro,257973,513351,msSUjk5x6N,S,5312195,W,                       3546020,N,7945292,E,341411
par,257974,6216331,2B6QOjeFUN,N,2201298,E,                       3806849,N,944980,W,-5393409
pro,257975,76428,py4PTCRr7k,S,55758,W,                       9585620,N,7719176,E,5063512
par,257976,8804144,JmQwAbbP12,N,270530,W,                       4575490,N,9999421,E,8704913
pro,257977,7781255,MYDhmOvJe9,N,896076,E,                       4221843,S,-8838014,E,5626124
par,257978,608913,93hTeN4MLx,S,5183643,E,                       172057,S,-951473,W,-7275276
pro,257979,4603965,HRSpohytPG,S,1034640,E,                       3988746,S,-5844260,W,-3866784
par,257980,955501,z4tuMIMik0,N,3330809,E,                       5151953,N,6529561,E,1811524
pro,257981,9662171,C5sxBJ3vUf,S,7719364,E,                       7050990,N,8646472,W,-411170
par,257982,4682923,GMBOyDdU1A,N,7127358,W,                       2490548,S,-396013,W,-8567173
pro,257983,7566805,ru5E23gkw5,S,1185807,E,                       4294906,S,-7151805,E,6728230
par,257984,1683322,W9A7dmmTrJ,N,9432722,W,                       2829162,N,8993598,W,-4475063
pro,257985,1375768,bpsepBkt9I,S,1364003,E,                       8762816,S,-5030045,E,8465436
par,257986,1187022,0ODooBNIon,N,1726495,W,                       7053169,N,8038908,E,6565106
pro,257987,1339098,72TIjux0fO,S,9699498,E,                       3525804,N,4833795,W,-2697753
par,257988,5750475,BP5uNMUYIO,S,6218496,W,                       2335651,S,-7464271,W,-8843754
pro,257989,8456546,L5QY1oqkVX,N,4769749,W,                       1271464,N,5736306,W,-7048881
par,257990,76860,p4wj2YBLMC,N,7194906,E,                       8301660,S,-7076395,E,2711019
pro,257991,2275012,ghAXeVeooX,N,514873,E,                       7389007,N,3035097,E,4989628
par,257992,6219989,D8Cl7IMvIV,S,3377082,W,                       4586837,S,-2360632,W,-9360948
pro,257993,2529639,4fMq0hEzD2,S,8474050,E,                       8545721,S,-230401,E,5351098
par,257994,3393149,tVljauoT8g,N,4133477,E,                       2430822,S,-6501899,W,-5503713
pro,257995,5726534,PvjazLkYjo,N,752516,W,                       7667237,N,679164,W,-4403543
par,257996,2376477,I9cfyVn7iw,N,7239601,W,                       3552341,N,6198371,E,2847248
pro,257997,2735872,KMULKizbmU,S,4902172,E,                       228604,N,4128747,E,264155
par,257998,5120402,fgZ3946W3E,N,4937687,E,                       9913237,N,865268,W,-7111175
pro,257999,78708,5TGDlBddXF,S,4351445,E,                       2410699,S,-1572850,E,1781516
par,258000,1530945,QfjU5pBkgv,S,7465364,W,                       3565450,N,407077,W,-2378811
pro,258001,427974,uf5XlQGR89,N,5511503,W,                       7772835,S,-5529218,E,6867798
par,258002,8873575,iEjJs3UCZB,N,1712759,W,                       4349616,S,-2380157,W,-2695388
pro,258003,2358274,cbnb57stwp,N,3763395,E,                       457119,S,-1886746,E,1596057
par,258004,5221199,xMku74ios5,S,2300178,W,                       1187508,N,5371355,E,1005179
pro,258005,429128,UjtxgF5Vgx,S,2534013,W,                       5493161,N,9168780,W,-7758528
par,258006,375494,Dcohp9X1Y6,S,4231365,W,                       8845646,S,-971168,E,5656251
pro,258007,7098775,c40hOEAbNF,N,69176,W,                       8308461,S,-8663359,E,2658564
par,258008,2662557,G95G7pDY5L,N,5936759,W,                       9929005,S,-3199649,W,-9901647
pro,258009,854468,Ug5lTZc5D8,S,1046946,W,                       5636711,N,1041882,E,2992005
par,258010,8129345,ye0yZKJ4fT,N,3927183,E,                       7540585,N,6136303,E,2576226
pro,258011,2403419,R2h9yPiiBn,N,2407969,E,                       2204627,S,-9133823,W,-5708625
par,258012,6440338,jJOvdL8pcl,N,688035,E,                       244140,S,-8788958,E,8467094
pro,258013,4901025,VVhxZcJJy0,N,7868276,E,                       3602615,N,1813364,E,150410
par,258014,134119,jNYPD7VdcZ,N,5870452,E,                       6362550,S,-664377,W,-3978240
pro,258015,2301531,8HEtjdXL34,N,785302,W,                       5083000,N,3714957,W,-5789208
par,258016,120631,vGYayZM9f7,N,8363575,W,                       644827,N,36250,E,8238936
pro,258017,7899301,SXu5il9ymo,S,715415,W,                       9152180,N,3218846,E,9961623
par,258018,246440,1liVJRHHTu,N,3448214,E,                       3630916,S,-5053006,W,-133742
pro,258019,2667260,kAditpv5vL,S,5001643,W,                       4799015,S,-9450937,E,403308
par,258020,2069818,INev67sox7,N,4162085,W,                       3831085,S,-7875905,W,-6887008
pro,258021,4998501,4pENnnBKso,N,8474233,W,                       8049410,S,-5010148,W,-6207155
par,258022,112661,SkUl8bLu5b,S,3140325,W,                       4473400,S,-98002,E,5326552
pro,258023,4598296,0S5F8lPHfN,S,5453053,E,                       1680162,S,-6130135,E,2858659
par,258024,831748,2JUK5lJ9ob,N,7519105,E,                       8232302,S,-1827729,E,3283264
pro,258025,802303,03HaGDnh3n,N,126846,E,                       7675386,S,-2139339,W,-21906
par,258026,1312868,8nlZSxYVY7,S,3709098,E,                       7025508,S,-1117255,W,-62880
pro,258027,3037687,3Dag5Bpck7,S,4157817,W,                       5030137,N,3161887,E,3156297
par,258028,2198743,dLCjv39yCd,S,1903226,E,                       6942667,N,969375,W,-5876321
pro,258029,4801887,2imTzEAO6z,S,4349538,W,                       4416212,N,3821941,E,5126715
par,258030,1940127,AJcx8MTeZi,N,4022989,W,                       6145525,S,-4340920,W,-1533791
pro,258031,4367193,53oBh8FrN4,S,9887520,W,                       7479755,N,2879124,W,-7298821
par,258032,6425098,2HfNHVFVdz,N,8239186,E,                       8503785,S,-9837109,W,-3205338
pro,258033,5369738,XyfT01UBxE,S,9457523,E,                       4833267,N,9851523,E,5042624
par,258034,4324196,9pT06T6WMi,N,5817837,E,                       287798,N,3109998,E,3618212
pro,258035,4631911,Dw5e7Vb1Zv,N,8425109,W,                       7536970,S,-5432051,W,-8685820
par,258036,90110,uS89kkS3xG,N,519982,E,                       4889485,N,5710164,E,6110018
pro,258037,3520108,nc7szM0gxW,N,1048243,W,                       4906844,N,7895127,E,9117228
par,258038,6865650,T1LcYfUXbz,N,9994184,W,                       9996074,S,-1275701,W,-8382583
pro,258039,3430796,4iJHYP600N,N,3415782,E,                       204092,N,6297626,W,-7703236
par,258040,1212717,HCq5fVvM1Y,N,1754677,W,                       2429245,S,-7467586,W,-8874567
pro,258041,7260783,2uZXL6qsU8,S,8955458,W,                       7387614,S,-7386623,E,1536161
par,258042,2252513,x2TlXRDLuX,S,3374051,W,                       1749054,S,-5171002,E,5669799
pro,258043,7794212,bmiBhi0ZV5,S,3205321,W,                       7926039,N,8232256,E,3087623
par,258044,2504329,lY3uAP2XjP,S,8375347,W,                       6683902,S,-3886967,E,7578756
pro,258045,1649312,UBG4YwTuln,N,9763284,E,                       5935331,S,-5042436,W,-7467158
par,258046,7474612,fUQcGQJmwa,N,4692378,E,                       9918450,S,-1218311,E,6807560
pro,258047,9006109,XkQQqyIksi,S,3261496,E,                       4415758,N,9880799,E,2890181
par,258048,325080,YaDeRR70o4,S,6156459,E,                       8575645,S,-6288015,E,911045
pro,258049,3764880,26qTd6XIt9,N,1366718,W,                       145781,N,752100,E,6671193
par,258050,4557493,bNAW0CK5Gi,S,1236667,E,                       5562102,N,5301163,E,1536896
pro,258051,8215016,wAa3foYPeM,S,7310092,E,                       2759,S,-4191960,E,6208153
par,258052,8084533,I7sgiGdlv2,S,8523867,E,                       2410629,N,6037963,E,8459772
pro,258053,830468,U8ltZ7LIds,N,1414763,E,                       8902625,S,-7929103,W,-988319
par,258054,7815674,DrfqwCtq0F,N,1667274,W,                       1353582,S,-1118880,W,-9009485
pro,258055,7072762,3M8lzoWPA3,N,6483704,E,                       2304032,S,-7965943,W,-9830856
par,258056,7602105,z5gUh5gz7r,S,1463182,E,                       1783565,S,-8663358,E,5937044
pro,258057,4063286,z2a5UZdOKA,N,8328646,W,                       5774762,N,2952047,E,8311550
par,258058,1917280,Tsg6uNBEQK,S,9674897,W,                       7481200,S,-1663673,W,-3228527
pro,258059,8213123,kXlNbJOiTE,S,2607833,E,                       7106785,S,-2369119,W,-2596207
par,258060,5653970,DBhQhBGFgR,S,8094865,W,                       8738456,S,-5533602,W,-5171668
pro,258061,2450342,vTpZ44EYzG,S,3677647,E,                       190751,S,-5320466,W,-1155666
par,258062,3433603,W4b6jID9By,N,5169150,E,                       2054510,N,4306969,E,6777991
pro,258063,2355630,mY17qznfPa,S,8807441,E,                       7265514,N,2943362,W,-2607752
par,258064,5999195,xL7CMr38MW,N,4666611,W,                       2435002,S,-1517360,W,-666853
pro,258065,350555,HogKs7gLES,N,9251311,W,                       3468850,S,-9618989,W,-710429
par,258066,430729,4vmxpwbBAQ,S,2334612,E,                       7557874,S,-4329892,E,7888051
pro,258067,6029676,Jv6OydF1ih,S,9335108,E,                       980558,S,-239858,E,604176
par,258068,5206835,sntLvVVLuk,N,2576659,W,                       2763205,S,-4084336,E,2605660
pro,258069,5398826,A3ocM2RD1u,N,8951139,W,                       1864003,N,7023783,E,5460878
par,258070,8999196,WbDeQONPUF,N,4626620,E,                       7867539,S,-7469910,E,9123089
pro,258071,8773822,yaOFyNA7nJ,N,1248770,E,                       610693,S,-5917728,W,-6312944
par,258072,3949561,AjPldXSaft,S,7612817,E,                       614601,N,2834151,W,-3803416
pro,258073,542503,PDFZa3xON7,N,5336446,W,                       6510911,N,7241766,W,-1127704
par,258074,6944174,mYjy8NoYMf,N,6352859,W,                       1947191,N,9261863,W,-5356825
pro,258075,1863670,npkErUYzei,S,4502585,E,                       5050421,N,865476,W,-9348583
par,258076,828690,BKlClCF4lC,S,9948048,W,                       2101078,S,-3427729,W,-9680138
pro,258077,5656358,D2TzY6NIwJ,N,8345657,E,                       2768529,N,3790512,W,-6456704
par,258078,1789827,BGzMLTLd78,N,9128232,E,                       3879525,N,6396610,W,-8468454
pro,258079,687559,sJKGge0nHs,N,9118123,W,                       6536540,N,8594072,E,3791977
par,258080,2108574,7EdX5jPQwI,S,3953658,E,                       6554488,N,9878622,E,2236855
pro,258081,9411203,v0U9wHYei6,N,5355540,E,                       7669508,N,6286322,E,3072827
par,258082,3507071,WsUbceOQOq,S,3431502,E,                       6276331,S,-9004950,E,372287
pro,258083,6959745,Tp4WtNfRnX,N,2939234,W,                       8196467,S,-6614176,E,1009008
par,258084,3088208,X85hdHrSrQ,S,5731845,W,                       5417020,S,-1978728,W,-3416862
pro,258085,3348080,e0BewEMwT3,S,9142831,E,                       952688,N,9859760,E,7868811
par,258086,4550424,6X17ZsI2nY,N,8840525,E,                       9911971,S,-393367,E,8038436
pro,258087,3040025,b1Fgoufr7G,S,514085,W,                       578229,S,-5428346,W,-8001786
par,258088,9205331,mT6gZzZcAg,S,9164179,W,                       2141906,S,-4965512,W,-6399212
pro,258089,5172286,c1UTqVRWQp,N,1916809,E,                       8416023,N,5880216,W,-7697360
par,258090,4060265,eQLnqltL4H,N,9414404,E,                       5591252,S,-1377881,W,-6531472
pro,258091,952006,Up8Ryzd7wS,S,2498991,W,                       7034766,S,-4488110,E,5490603
par,258092,9320753,OkOchoEIRW,S,4953605,E,                       772174,S,-8886755,W,-2642296
pro,258093,7633019,Ml2MvaSihq,S,4231992,E,                       8885450,N,905331,E,1796946
par,258094,6077546,dfnDjeCm7v,N,7801521,W,                       1149020,S,-984337,E,9626560
pro,258095,6418411,1BY4zztdvB,N,3190930,E,                       1383038,S,-2535981,E,589424
par,258096,8718172,xcEp9XVWW6,N,2866667,E,                       1917920,S,-4089324,W,-4656781
pro,258097,995959,xAwvX300NL,S,9786503,E,                       9853835,S,-2632559,W,-4663725
par,258098,7509772,5g56zQhI35,S,4688245,W,                       5675179,N,6309366,E,7950204
pro,258099,2289399,nFzhrRDtZa,S,2297732,W,                       6547593,N,7254094,W,-2267103
par,258100,4035607,4KGXpVjW5A,S,3576897,E,                       2690078,S,-6264009,E,9334157
pro,258101,7965642,NcARzg9nVr,N,4349418,E,                       4683524,S,-8547282,W,-958595
par,258102,3674508,EJoMncAsYZ,N,3186110,W,                       4851698,N,7768350,E,8333609
pro,258103,8879757,U7XvO7x6iW,S,1825921,E,                       1936426,S,-2266776,E,7127020
par,258104,9956098,GJj4Vjwzz4,N,7564628,W,                       8434705,S,-2794738,W,-527486
pro,258105,1512627,FclhXgUdnP,N,1046524,E,                       174079,N,5838705,W,-5207809
par,258106,9744601,rgUWNrPCDE,N,6381557,W,                       7070840,N,9243777,E,4973885
pro,258107,6676434,HkOkU052sV,S,5121573,W,                       4501776,S,-951590,E,1480259
par,258108,3909910,hd5T74agN9,S,510706,W,                       5417911,S,-5880889,W,-3708180
pro,258109,181392,eFqSLD1HO6,S,3959059,E,                       4066533,S,-6429051,W,-1860638
par,258110,593262,g1q8xhpTUM,N,8688226,E,                       6860822,S,-2633612,E,2329952
pro,258111,6219670,BuOmt4gENF,S,7593103,W,                       672881,N,260089,E,2327000
par,258112,5968126,WCauqIvBqX,S,7263272,E,                       369391,N,4957816,E,1807839
pro,258113,7270962,hLFF0K9Kav,S,4690608,E,                       1529321,N,8244702,W,-7600491
par,258114,7475071,8tO2CL2Fqc,N,5065514,E,                       9251681,N,3401316,W,-2591887
pro,258115,9500901,OWj6MtJAsU,N,9024363,W,                       8158893,S,-404690,W,-1021425
par,258116,1015834,Fte3wKNM3S,S,5333073,E,                       5731671,N,4998287,W,-7651841
pro,258117,7299190,0U2uhN8iTd,N,6460808,E,                       2105573,N,2488499,W,-5280693
par,258118,8264549,Df09pWN8Dh,S,1615116,W,                       3227477,S,-4823905,W,-3409208
pro,258119,2253754,r1gTZlfSWp,S,9064474,E,                       5958478,N,9358705,W,-7676210
par,258120,3159895,8r1k97d5BO,S,2561039,E,                       6996319,N,1263769,E,5404848
pro,258121,5385955,N9WKF8hUNG,N,496460,E,                       2067298,S,-4648075,W,-2630983
par,258122,8796733,2lGpx3VCGU,N,4955657,E,                       4157242,N,1644484,W,-182693
pro,258123,4913665,VuQzNoB3s5,S,8338654,E,                       7989594,S,-8971476,E,3139758
par,258124,6939108,mHvyaWA5iJ,N,8149909,E,                       1857213,N,9517627,W,-5567884
pro,258125,513533,pPNlfE8IiM,N,7112191,E,                       1865204,N,7168962,W,-3514567
par,258126,7941899,umrolkaHzf,S,933666,W,                       4940676,N,9566408,W,-4913204
pro,258127,3945047,jtC3afdjWK,N,500835,E,                       8877427,N,2479100,W,-9320472
par,258128,52205,8b0d5ifgKJ,N,433036,W,                       5357412,S,-5016449,W,-6846686
pro,258129,5839834,hgZmsnH4Hx,N,483176,E,                       6669493,S,-177859,E,730653
par,258130,5802326,1MfN4Ex2Xr,S,1566192,W,                       7936151,S,-2430335,E,4324755
pro,258131,1471189,S7ncmujrnK,N,9644113,W,                       4987228,S,-4496777,E,2498262
par,258132,5461779,dMPhwr5RTH,N,7959690,W,                       1486951,N,2691328,W,-1013316
pro,258133,1767536,6r4By8lHG7,S,8452809,E,                       7094558,S,-9197932,W,-9880814
par,258134,4225996,rzbwb6AoX0,S,7131573,E,                       515014,N,9666779,W,-7375606
pro,258135,1458773,vZ9LsfMhHF,N,8711128,W,                       2886941,N,3941505,W,-1668015
par,258136,8822234,tH12Kei9bz,N,9574376,W,                       5185617,S,-3472091,W,-599782
pro,258137,7231758,mKsEhNWi3T,N,8109675,E,                       5253196,S,-5742419,W,-800728
par,258138,5747953,n7D2F8EW79,S,6994670,E,                       3551733,S,-3858588,E,18587
pro,258139,4104111,oRI0MrkGgf,S,8021113,W,                       7881854,S,-4086510,E,5633464
par,258140,7706359,yLeLikECle,N,3389016,E,                       3450091,N,492647,W,-1591418
pro,258141,8247265,bxSkTWHcjZ,N,467036,W,                       2415190,S,-4028145,W,-233853
par,258142,6794131,k8Z04aIzas,S,1051837,E,                       2087440,S,-3256099,E,3024614
pro,258143,5443562,VWn4wg9mo6,N,432454,W,                       998647,N,227499,E,522206
par,258144,9816567,8iT66JKMfj,N,6764563,W,                       5142100,N,9937704,W,-107211
pro,258145,6589293,nk1bxVUhkv,S,2311682,E,                       154068,S,-6120483,E,5009760
par,258146,2071259,hs5EXIotMc,N,2797531,W,                       6866628,N,4902091,E,9731472
pro,258147,6256026,ffS5kaH3Cu,N,436267,W,                       5252478,S,-9208924,W,-219531
par,258148,4553099,HeWIB7083L,S,5604723,E,                       6778738,N,3180404,E,4569731
pro,258149,2520942,2uvfEjgstX,N,8248293,W,                       3073361,N,5766366,E,6338631
par,258150,7199535,XdWEuE86UE,S,8864149,E,                       2487202,N,4916533,E,5094358
pro,258151,4728938,bf7zXMlWJ5,S,429432,E,                       2603826,S,-3111027,W,-1649658
par,258152,3230923,Ix6qTUnEwV,S,5487438,W,                       3269771,N,3311311,E,7798482
pro,258153,8766946,4f9yH9H1vt,S,2987223,E,                       9541953,S,-3017552,E,5614696
par,258154,604414,CFSI7kyapY,N,2199941,W,                       6943151,N,975840,W,-9492326
pro,258155,4444920,AjeWZl7xNi,S,2419365,W,                       8262100,N,3808829,E,8580995
par,258156,8677493,lX1LNvobpy,S,8735981,E,                       1478900,S,-46020,W,-7905
pro,258157,2171618,eIjWFtBnzr,N,9309917,E,                       4024366,S,-8992846,E,6411406
par,258158,4811174,vGOOexd5Rf,S,4184603,E,                       9316248,S,-4657316,E,1821271
pro,258159,117132,QS1xOYUKlR,S,2140437,W,                       3275974,S,-6412481,W,-8962289
par,258160,1047467,Ywf26yugFZ,S,1877109,E,                       4488294,S,-8957325,E,163508
pro,258161,3204341,XWkL5dF5nJ,S,7397895,W,                       235231,S,-6754399,W,-5477910
par,258162,6305098,p1ndHJoXDZ,S,3609276,W,                       8380086,S,-5110882,E,9256318
pro,258163,4131355,9wKQ1JjBGf,S,3400084,W,                       7340540,S,-9797542,E,5235210
par,258164,8632496,zWFznMdsC2,N,4410066,W,                       224464,S,-5566355,E,3937049
pro,258165,7891975,QIXXaH4Hzk,S,6659147,W,                       6628963,N,2290961,W,-3996840
par,258166,8520822,AClfpuvCMn,N,8926352,W,                       4164669,N,6240087,W,-7079820
pro,258167,9039221,MqrzhAFXIE,S,8044149,E,                       1574208,S,-6533824,E,8656249
par,258168,8017555,k2yZlv5q8R,N,7499167,W,                       124677,S,-7255666,W,-7476433
pro,258169,6601295,E7koEk7LuV,S,85944,W,                       9082223,S,-4004839,W,-8385058
par,258170,9376857,IEmOOp0sRp,N,4558563,W,                       3429696,S,-8892825,W,-9347190
pro,258171,4170558,Eaqi6Lacdk,N,5917866,E,                       1191906,S,-3722945,E,8240585
par,258172,5177966,rMr98igipZ,S,6291547,E,                       8109750,N,9806047,W,-8624175
pro,258173,2637355,H6Ru8yLEKA,N,1582059,E,                       8740563,S,-7654002,W,-6478946
par,258174,2318235,bI5o34VtOw,N,95964,W,                       5533769,S,-4847725,W,-2717058
pro,258175,2145852,ZlovQT8EuM,S,1021725,E,                       9376316,N,4266090,W,-989413
par,258176,9950482,Zt3Rs9doa9,S,638255,E,                       6273786,S,-5969850,W,-3469719
pro,258177,9401235,eaas7dxqgL,N,1869829,E,                       8617947,N,485762,E,8817834
par,258178,1920628,cFiImJO3Ua,N,9586420,E,                       3543885,N,3225203,W,-8481129
pro,258179,8921252,UKAZtLtI3t,N,7494721,E,                       2343474,N,391921,E,5352875
par,258180,2214463,irKazJah8X,N,4804948,E,                       3545226,S,-8579767,W,-1477321
pro,258181,8534366,JDWvNGb9K2,N,2562846,W,                       7522021,N,5816203,W,-1142534
par,258182,4783100,8X4zdsRkHF,S,1147366,E,                       4628368,N,5554290,W,-8737354
pro,258183,5820692,3IGW5TmMXU,N,9555221,W,                       8307179,S,-6021291,E,6185825
par,258184,5199375,pa0LutzUnk,S,9595549,W,                       5234228,N,916900,E,7032705
pro,258185,8766353,9PA4ENXWYG,N,1229251,E,                       1307990,N,8042425,W,-1138672
par,258186,9926231,Xd3MzIubSg,N,9327425,W,                       4580855,N,9475079,E,7825850
pro,258187,1760692,rHb46SbfvE,S,3512265,E,                       5767930,N,7670026,W,-4065469
par,258188,8916601,yEUMXiP1Ow,S,8891391,E,                       9598292,N,459268,W,-779472
pro,258189,6182425,03lI6iO7V5,S,8151870,E,                       4666467,S,-7200859,E,917291
par,258190,4775773,Qo3z9CQ2oI,N,1430298,E,                       6865635,N,5396428,E,6277838
pro,258191,2942846,tPga5AtOd9,S,3670301,E,                       1191293,S,-9397290,E,6770057
par,258192,2619291,dpwCO62TKI,S,1793316,W,                       9192624,S,-123371,W,-8971526
pro,258193,459466,MBjzwU03oC,N,2039765,W,                       3529632,S,-6084288,W,-4464494
par,258194,6143990,WI9KIwh2y7,S,4284216,W,                       2420518,S,-9955101,E,3628212
pro,258195,4133403,aE5deWviIO,S,8537371,E,                       8848373,S,-9131642,E,1924457
par,258196,2355839,Lid3Ikj7Cr,N,9665473,W,                       1845830,N,2234284,W,-5390818
pro,258197,9827738,YmBGWpiQCq,N,5414798,W,                       7669046,N,5778689,E,1743043
par,258198,3906576,wcDkZAkEYU,N,9712104,E,                       7142976,N,7552502,E,159040
pro,258199,8658339,siNd7Ixc4J,S,7087631,E,                       4617459,N,1521719,W,-37818
par,258200,5670322,Q4BpxucbqP,S,6397008,E,                       7098747,S,-7325459,W,-273292
pro,258201,6690023,Ib5py6oqo5,N,3048810,E,                       3728000,N,324891,W,-3157003
par,258202,4903666,f5YoOxEn21,N,1379515,E,                       1371764,N,3376530,E,794466
pro,258203,759703,SX9bZMkVN1,N,2018877,W,                       3210500,N,5417222,W,-1516621
par,258204,2781137,83j6cFH4YG,N,1728405,E,                       8351714,N,6238725,W,-2528612
pro,258205,8776175,J1Wv5rAPy9,N,7550365,W,                       7215223,S,-6914427,W,-5327373
par,258206,6864438,9WWICHVWGo,N,2113903,W,                       9457783,S,-696201,E,9452022
pro,258207,5857017,Gxk0qGaury,N,143872,W,                       5519508,N,2924535,E,3997826
par,258208,2357986,KF5okcvsnu,S,2303127,E,                       1905126,S,-2360724,E,381385
pro,258209,2428479,2Zu4M6Mtoi,S,4287769,E,                       7273559,N,8415812,W,-370539
par,258210,9695015,udAvJL6245,S,9251543,E,                       3001493,S,-2458516,E,7937409
pro,258211,7955021,NAI7M3B3uP,N,4575906,W,                       1552492,N,2465198,W,-7613542
par,258212,7875773,PCIuNnt5qN,S,4517154,E,                       8972652,N,630393,E,7398069
pro,258213,6638881,qi0RaMpqlj,N,4244338,W,                       3774560,N,1399770,W,-9916420
par,258214,6746774,JIfvl7vLHS,S,681617,E,                       4862184,N,6902864,E,603768
pro,258215,7514110,9iOERus2QH,S,71583,E,                       2009306,N,1763461,W,-7463413
par,258216,3263709,tnL7ScI7oT,N,4188761,E,                       1936254,S,-3199082,W,-160181
pro,258217,6506468,XLdhCy3wOs,S,1364056,E,                       7325689,N,5248015,E,3222616
par,258218,2845687,FoP6Ui6DRr,N,4070871,W,                       3667455,S,-6897948,E,370527
pro,258219,1283092,mcU5lCWDrC,S,117,E,                       2768471,N,7351669,W,-5380103
par,258220,4283421,I2brtFW1JH,S,6801714,E,                       7873472,N,1056569,E,2556471
pro,258221,5456998,BHZ9w97vDl,S,838123,E,                       6088591,S,-2868912,W,-7022972
par,258222,976658,L8rpksx5xh,N,5485821,E,                       4207104,N,9760809,W,-7069068
pro,258223,7758232,GYIoBGRt7T,S,3019919,W,                       4226099,S,-471385,E,5494215
par,258224,7502791,n2RFB9dSRS,S,2053991,E,                       2056298,N,3343739,E,7720255
pro,258225,7685648,6QSr4mVtog,S,1002320,E,                       7241766,S,-1560217,E,8157844
par,258226,7433835,iEISfkWfy3,N,9380536,E,                       8096540,N,6634415,E,6972700
pro,258227,9575036,k3S2efEMBw,S,485073,W,                       7958822,S,-2355453,W,-4651950
par,258228,8846403,LSFJDQ9raZ,N,8630505,W,                       2992741,N,6695635,W,-831834
pro,258229,7410564,G1QBf0HsPc,S,1260638,W,                       1412356,S,-7641552,W,-4197042
par,258230,7252414,huhQ5QiR9Y,S,4584715,W,                       8683293,N,1956350,E,4908243
pro,258231,4605962,kd7bCCSIyS,S,4625067,W,                       9829779,S,-8876081,E,1867804
par,258232,7767315,tCLmTbs6oD,N,4140219,W,                       2771000,S,-8974111,W,-9743966
pro,258233,512083,F13cKcEDwT,N,8425886,E,                       2287119,N,5336590,W,-2758064
par,258234,6087483,sSFapiaI9S,S,7399908,E,                       3253282,N,174150,E,4721209
pro,258235,4708864,qe8QufDAQC,N,4509044,W,                       2896456,N,4502942,E,3908599
par,258236,1933753,wy21lddG8T,S,2896188,E,                       5062212,S,-1697616,W,-1958038
pro,258237,2997666,ocbO8CqPDU,S,8521371,E,                       2628025,N,1327800,E,9645911
par,258238,1367372,pHI2hoKeef,S,2981359,E,                       3765035,N,3613137,W,-1050356
pro,258239,7198059,UZEnxkBIzd,S,7030491,W,                       5928480,S,-2873959,W,-6433737
par,258240,1165227,4aku97hp8m,S,6756361,E,                       3475609,N,9379589,E,4253103
pro,258241,2536732,quzGvXPhGT,N,3918692,E,                       4614864,N,7116467,E,8554260
par,258242,9901345,BMEoe9rOBs,N,13925,W,                       8809877,N,4911009,W,-9561883
pro,258243,4031215,uVpXDUyMAx,S,7872660,W,                       4681649,S,-568884,W,-6198232
par,258244,7589890,Z3sdsbeRSF,N,6225861,W,                       4118119,N,7809974,W,-1905722
